,team_no,age,rank,gender,role,match_id,outcome,AGR3,EX4,EMO5,HH6,AGR9R,EX10R,EMO11,HH12R,AGR15R,EX16,EMO17,HH18,AGR21R,EX22,EMO23,HH24R,AGR27,EX28R,EMO29,HH30R,AGR33,EX34,EMO35R,HH36,AGR39,EX40,EMO41R,HH42R,AGR45,EX46R,EMO47,HH48R,AGR51,EX52R,EMO53R,HH54,AGR57R,EX58,EMO59R,HH60R,RME1,RME2,RME3,RME4,RME5,RME6,RME7,RME8,RME9,RME10,RME11,RME12,RME13,RME14,RME15,RME16,RME17,RME18,RME19,RME20,RME21,RME22,RME23,RME24,RME25,RME26,RME27,RME28,RME29,RME30,RME31,RME32,RME33,RME34,RME35,RME36,TASK1,SOC2,TASK2,SOC3,TASK3,SOC1,TI1,TI2,TI3,TI4,How likely are you to return to this team if the team were asked to play again tomorrow?,Is there any teammate(s) that you would be happy to play with again? You can make multiple selections.,Please provide more details for your answer to the previous question (about teammates you would play with in the future). Why would you be happy to play with them again? Try to be specific.,Please leave any additional comments or feedback here.
0,1,25,Platinum I,Male,Mid,5056494058,0,4.0,4.0,2.0,4.0,4.0,4.0,2.0,5.0,4.0,4.0,2.0,4.0,4.0,4.0,2.0,4.0,4.0,3.0,2.0,4.0,3.0,3.0,3.0,5.0,4.0,4.0,2.0,4.0,2.0,3.0,4.0,4.0,4.0,4.0,2.0,4.0,4.0,4.0,4.0,5.0,0.0,1.0,1.0,1.0,0.0,0.0,1.0,1.0,1.0,1.0,1.0,1.0,0.0,1.0,0.0,1.0,1.0,1.0,1.0,1.0,1.0,1.0,0.0,0.0,0.0,1.0,1.0,1.0,1.0,1.0,1.0,0.0,1.0,0.0,1.0,1.0,6,6,6,6,6,6,7,6,7,6,5,"Top,Support",they were nice people and got along with them so happy to play with them again,
1,1,22,Platinum I,Male,Top,5056494058,0,2.0,3.0,2.0,2.0,3.0,2.0,4.0,1.0,2.0,2.0,4.0,3.0,4.0,2.0,3.0,4.0,3.0,4.0,3.0,4.0,4.0,1.0,5.0,3.0,4.0,4.0,4.0,4.0,4.0,2.0,2.0,4.0,2.0,2.0,2.0,3.0,2.0,2.0,2.0,2.0,1.0,1.0,1.0,1.0,0.0,1.0,1.0,1.0,1.0,1.0,1.0,1.0,1.0,1.0,1.0,1.0,0.0,1.0,0.0,1.0,1.0,0.0,0.0,1.0,1.0,1.0,1.0,1.0,1.0,1.0,1.0,1.0,1.0,1.0,1.0,1.0,5,6,4,5,6,4,4,6,6,5,6,"Mid,Support","Seemed like good people, no flame towards eachother. Complemented good plays and looked for the best when things went south","Really sad we couldn't play as 5, maybe try to schedule 2 teams in 1 slot or look for backup players."
2,1,20,Platinum II,Male,Support,5056494058,0,4.0,5.0,2.0,3.0,5.0,4.0,1.0,5.0,3.0,3.0,2.0,2.0,5.0,5.0,3.0,4.0,3.0,4.0,1.0,2.0,5.0,4.0,1.0,2.0,4.0,4.0,5.0,2.0,5.0,4.0,2.0,4.0,5.0,5.0,1.0,4.0,3.0,3.0,2.0,5.0,0.0,0.0,1.0,1.0,1.0,0.0,0.0,1.0,0.0,1.0,1.0,1.0,1.0,1.0,0.0,1.0,1.0,1.0,0.0,1.0,1.0,1.0,0.0,1.0,0.0,1.0,0.0,1.0,0.0,0.0,1.0,1.0,0.0,0.0,0.0,1.0,7,6,6,7,7,6,7,6,7,7,7,"Mid,Top","they were pretty chill during the game even tho it was a disaster and I could´ve played better, we dind´t have much interaction or talking but from the little I´ve heard it was really enjoyable.","was really fun, glad to be a part of it. Would enjoy another experiment like this one :D"
3,2,21,Platinum IV,Female,Mid,5064844365,1,4.0,4.0,2.0,5.0,3.0,3.0,4.0,3.0,2.0,2.0,3.0,3.0,5.0,3.0,1.0,3.0,4.0,1.0,3.0,5.0,3.0,2.0,2.0,3.0,3.0,2.0,2.0,2.0,5.0,2.0,5.0,4.0,4.0,5.0,3.0,3.0,3.0,2.0,4.0,3.0,0.0,1.0,1.0,1.0,0.0,1.0,1.0,1.0,1.0,1.0,1.0,0.0,1.0,1.0,1.0,1.0,1.0,1.0,1.0,1.0,1.0,1.0,0.0,1.0,1.0,1.0,1.0,1.0,1.0,1.0,1.0,0.0,0.0,1.0,1.0,0.0,6,6,7,5,6,5,6,7,6,6,6,"Top,Jungle",We shared a decent amount of good communication and fought well the fights we've been in. They were also more talkactive/actively communicate than the bot lane which is mainly the reason why I've selected these.,"Even though I'm mostly satisfied over my experience with these people and we won a game, I think there's still somewhat lack of a team-communication, like still a tat more soloQ gameplay with voice than team-play overall but it was still a pleasant experience."
4,2,22,Platinum II,Male,Bot,5064844365,1,4.0,4.0,4.0,5.0,2.0,4.0,5.0,1.0,1.0,2.0,1.0,4.0,4.0,3.0,4.0,2.0,3.0,2.0,4.0,4.0,5.0,2.0,2.0,3.0,3.0,2.0,2.0,3.0,2.0,2.0,2.0,4.0,5.0,1.0,2.0,4.0,2.0,4.0,4.0,2.0,1.0,1.0,1.0,0.0,0.0,1.0,0.0,0.0,1.0,0.0,1.0,0.0,1.0,1.0,1.0,1.0,1.0,1.0,1.0,1.0,0.0,1.0,1.0,1.0,0.0,1.0,1.0,1.0,0.0,1.0,0.0,1.0,1.0,0.0,1.0,0.0,6,6,5,6,6,6,7,7,7,6,7,"Mid,Top,Jungle,Support",We had very little time and all I could gather is they're chill poeple. Reason enough to me,I kind of got carried a bit and just served as bait but the peeps were cool with it
5,2,26,Platinum III,Male,Top,5064844365,1,2.0,3.0,1.0,4.0,1.0,3.0,2.0,3.0,3.0,2.0,4.0,2.0,2.0,2.0,2.0,5.0,3.0,4.0,2.0,3.0,2.0,3.0,4.0,3.0,2.0,3.0,2.0,5.0,2.0,2.0,2.0,4.0,2.0,2.0,3.0,3.0,2.0,3.0,2.0,1.0,1.0,1.0,1.0,1.0,0.0,0.0,0.0,1.0,0.0,0.0,1.0,1.0,1.0,1.0,0.0,1.0,0.0,1.0,1.0,1.0,1.0,1.0,1.0,1.0,1.0,0.0,0.0,1.0,0.0,1.0,1.0,1.0,0.0,0.0,1.0,1.0,6,6,6,6,6,6,7,7,7,7,7,"Mid,Bot,Jungle,Support","They were skilled, communicated well, but were most importantly tilt resistant. If grinding flex queue was a goal of mine, Id definetely come back to them.",Thank you for this project. Was fun. Wish you guys good luck and much succes in the future :)
6,2,23,Platinum IV,Male,Jung,5064844365,1,2.0,2.0,2.0,2.0,2.0,5.0,5.0,1.0,3.0,5.0,4.0,3.0,5.0,3.0,4.0,4.0,4.0,3.0,2.0,5.0,4.0,4.0,4.0,5.0,2.0,4.0,3.0,3.0,4.0,2.0,5.0,4.0,2.0,2.0,3.0,5.0,4.0,4.0,2.0,2.0,1.0,1.0,1.0,1.0,0.0,0.0,0.0,1.0,1.0,1.0,1.0,1.0,1.0,1.0,1.0,0.0,1.0,1.0,1.0,1.0,1.0,1.0,1.0,0.0,1.0,1.0,1.0,1.0,0.0,1.0,1.0,1.0,1.0,1.0,1.0,1.0,6,7,6,6,6,5,6,7,7,6,6,"Mid,Top,Support",Top and mid were both very good at communicating and kept a positive outlook for the game. Support was really good and didnt tilt even when they got picked off so it would be good to play with them again,
7,2,27,Platinum IV,Male,Support,5064844365,1,3.0,4.0,1.0,2.0,4.0,3.0,2.0,1.0,2.0,4.0,2.0,2.0,4.0,4.0,5.0,5.0,2.0,4.0,2.0,4.0,4.0,2.0,2.0,5.0,4.0,4.0,4.0,3.0,4.0,5.0,5.0,5.0,2.0,5.0,4.0,2.0,4.0,2.0,5.0,4.0,1.0,1.0,1.0,1.0,1.0,1.0,0.0,0.0,1.0,1.0,1.0,1.0,0.0,1.0,0.0,1.0,1.0,1.0,1.0,1.0,1.0,1.0,0.0,1.0,1.0,0.0,0.0,0.0,0.0,1.0,0.0,1.0,1.0,0.0,1.0,0.0,7,6,7,7,7,7,7,7,7,7,7,"Mid,Top,Jungle",They played realy well and were very friendly,
8,3,18,Platinum IV,Male,Bot,5081077877,1,4.0,4.0,4.0,4.0,4.0,4.0,5.0,1.0,2.0,5.0,5.0,4.0,3.0,4.0,4.0,5.0,4.0,4.0,2.0,4.0,4.0,4.0,5.0,5.0,4.0,5.0,1.0,1.0,5.0,2.0,5.0,5.0,3.0,4.0,2.0,4.0,4.0,3.0,5.0,1.0,0.0,0.0,1.0,1.0,0.0,1.0,1.0,1.0,0.0,1.0,1.0,0.0,0.0,1.0,0.0,0.0,1.0,1.0,1.0,1.0,1.0,1.0,0.0,1.0,1.0,1.0,1.0,1.0,0.0,0.0,0.0,1.0,1.0,0.0,1.0,1.0,7,7,7,6,7,4,7,7,7,7,7,"Jungle,Support",They were just chill people to talk to,
9,3,21,Platinum IV,Female,Supp,5081077877,1,3.0,4.0,3.0,5.0,5.0,4.0,4.0,3.0,2.0,4.0,4.0,4.0,4.0,4.0,3.0,5.0,3.0,2.0,5.0,4.0,4.0,2.0,4.0,3.0,2.0,3.0,4.0,4.0,3.0,2.0,4.0,5.0,4.0,2.0,4.0,4.0,3.0,2.0,5.0,4.0,1.0,1.0,1.0,1.0,1.0,1.0,0.0,1.0,1.0,0.0,1.0,1.0,1.0,1.0,0.0,1.0,1.0,1.0,1.0,1.0,1.0,1.0,1.0,1.0,1.0,1.0,0.0,1.0,1.0,1.0,1.0,1.0,1.0,1.0,0.0,1.0,7,7,7,7,7,5,6,7,7,7,7,"Mid,Bot,Jungle",Elise mid popped off so fair play. Bot and jung have clear communication and were really nice,
10,3,23,Platinum IV,Male,Jung,5081077877,1,2.0,2.0,2.0,2.0,2.0,5.0,5.0,1.0,3.0,5.0,4.0,3.0,5.0,3.0,4.0,4.0,4.0,3.0,2.0,5.0,4.0,4.0,4.0,5.0,2.0,4.0,3.0,3.0,4.0,2.0,5.0,4.0,2.0,2.0,3.0,5.0,4.0,4.0,2.0,2.0,1.0,1.0,1.0,1.0,0.0,0.0,0.0,1.0,1.0,1.0,1.0,1.0,1.0,1.0,1.0,0.0,1.0,1.0,1.0,1.0,1.0,1.0,1.0,0.0,1.0,1.0,1.0,1.0,0.0,1.0,1.0,1.0,1.0,1.0,1.0,1.0,7,7,7,7,7,6,7,7,7,7,7,Support,"they were very talkative and nice, well focused on the game and always looking on the positive side of things",
11,4,21,Platinum IV,Male,Mid,5060243044,1,2.0,4.0,2.0,2.0,2.0,5.0,2.0,4.0,2.0,5.0,3.0,2.0,2.0,5.0,2.0,2.0,2.0,3.0,3.0,4.0,4.0,4.0,2.0,2.0,4.0,2.0,3.0,2.0,4.0,5.0,2.0,1.0,2.0,4.0,2.0,2.0,4.0,5.0,3.0,1.0,1.0,1.0,1.0,0.0,0.0,1.0,1.0,1.0,1.0,0.0,1.0,1.0,1.0,1.0,1.0,1.0,1.0,1.0,1.0,1.0,1.0,1.0,0.0,1.0,0.0,0.0,1.0,1.0,0.0,1.0,0.0,1.0,1.0,1.0,1.0,1.0,6,6,6,5,6,6,6,6,6,6,5,Bot,He was from Sweden like me :),
12,4,20,Platinum I,Male,Bot,5060243044,1,3.0,4.0,1.0,3.0,4.0,3.0,5.0,1.0,4.0,3.0,3.0,2.0,4.0,4.0,2.0,5.0,3.0,2.0,2.0,4.0,3.0,2.0,3.0,2.0,4.0,2.0,2.0,2.0,3.0,3.0,4.0,4.0,2.0,3.0,3.0,4.0,4.0,2.0,3.0,3.0,1.0,0.0,0.0,1.0,0.0,0.0,1.0,1.0,1.0,0.0,1.0,1.0,0.0,1.0,1.0,0.0,1.0,1.0,1.0,1.0,1.0,0.0,0.0,1.0,1.0,1.0,0.0,1.0,0.0,1.0,1.0,1.0,1.0,1.0,0.0,1.0,6,6,6,6,6,5,6,5,5,6,6,"Mid,Top,Jungle,Support","All nice people, had a bit of chemistry",
13,4,20,Platinum III,Male,Top,5060243044,1,3.0,2.0,2.0,4.0,2.0,5.0,4.0,2.0,4.0,3.0,2.0,2.0,2.0,2.0,2.0,4.0,2.0,4.0,2.0,4.0,4.0,4.0,4.0,4.0,4.0,3.0,2.0,4.0,2.0,2.0,2.0,4.0,4.0,2.0,2.0,4.0,4.0,3.0,3.0,4.0,1.0,0.0,0.0,1.0,0.0,0.0,1.0,1.0,1.0,0.0,1.0,1.0,0.0,1.0,1.0,1.0,1.0,1.0,1.0,1.0,1.0,0.0,1.0,1.0,0.0,1.0,1.0,1.0,0.0,1.0,1.0,1.0,1.0,1.0,1.0,1.0,5,6,5,6,5,5,6,6,6,5,5,"Mid,Top,Bot","Spoke too much and wasnt confident, I expected more shotcalling from jungler.",Flex que has its problems competive space and skill disparity made the game too easy.
14,4,25,Platinum IV,Jedi,Jung,5060243044,1,1.0,1.0,2.0,2.0,3.0,5.0,4.0,3.0,3.0,3.0,5.0,4.0,4.0,2.0,2.0,4.0,2.0,4.0,3.0,3.0,4.0,4.0,5.0,3.0,2.0,5.0,2.0,3.0,3.0,4.0,3.0,2.0,4.0,2.0,4.0,2.0,2.0,3.0,4.0,3.0,1.0,1.0,1.0,1.0,1.0,1.0,0.0,1.0,0.0,1.0,1.0,1.0,1.0,1.0,1.0,1.0,1.0,1.0,1.0,1.0,1.0,1.0,1.0,1.0,1.0,0.0,1.0,0.0,1.0,1.0,1.0,1.0,1.0,1.0,1.0,1.0,7,6,6,6,6,6,7,7,7,7,6,"Mid,Top,Bot,Jungle,Support",they were nice and they were very skilled,since the game was such a stomp its hard to answer most of these questions
15,4,26,Platinum III,Male,Support,5060243044,1,4.0,4.0,1.0,3.0,4.0,4.0,1.0,1.0,2.0,2.0,1.0,2.0,4.0,5.0,2.0,3.0,4.0,3.0,4.0,4.0,4.0,4.0,1.0,3.0,4.0,4.0,1.0,4.0,5.0,3.0,1.0,4.0,4.0,4.0,1.0,4.0,3.0,4.0,2.0,3.0,1.0,0.0,1.0,1.0,1.0,0.0,1.0,1.0,0.0,1.0,1.0,1.0,1.0,0.0,1.0,1.0,1.0,0.0,0.0,1.0,1.0,1.0,1.0,1.0,1.0,0.0,0.0,0.0,0.0,0.0,1.0,0.0,1.0,0.0,1.0,1.0,7,6,7,7,6,4,6,7,7,7,6,"Mid,Top,Bot,Jungle","It was fun to play with them and everyone was on the same page about dragons and pushing, there was not a single player that led the team but instead decisions were made as a group. Everyones input was welcome which is rarely seen in teams I played.",
16,5,23,Platinum IV,Male,Top,5062654604,0,2.0,2.0,2.0,2.0,2.0,5.0,5.0,1.0,3.0,5.0,4.0,3.0,5.0,3.0,4.0,4.0,4.0,3.0,2.0,5.0,4.0,4.0,4.0,5.0,2.0,4.0,3.0,3.0,4.0,2.0,5.0,4.0,2.0,2.0,3.0,5.0,4.0,4.0,2.0,2.0,1.0,1.0,1.0,1.0,0.0,0.0,0.0,1.0,1.0,1.0,1.0,1.0,1.0,1.0,1.0,0.0,1.0,1.0,1.0,1.0,1.0,1.0,1.0,0.0,1.0,1.0,1.0,1.0,0.0,1.0,1.0,1.0,1.0,1.0,1.0,1.0,5,6,7,6,7,6,6,7,7,6,7,"Mid,Bot,Jungle,Support","They all seemed really nice, good at communication, and were all just great to play with!",
17,5,22,Platinum IV,Male,Mid,5062654604,0,2.0,2.0,2.0,2.0,2.0,5.0,3.0,2.0,2.0,4.0,4.0,1.0,3.0,5.0,3.0,4.0,2.0,2.0,5.0,2.0,1.0,3.0,2.0,3.0,2.0,3.0,4.0,2.0,5.0,4.0,2.0,3.0,4.0,4.0,2.0,3.0,1.0,5.0,2.0,4.0,1.0,1.0,1.0,1.0,1.0,1.0,1.0,1.0,1.0,1.0,1.0,1.0,1.0,0.0,1.0,1.0,1.0,1.0,0.0,1.0,1.0,1.0,1.0,1.0,0.0,1.0,1.0,1.0,1.0,1.0,1.0,1.0,0.0,1.0,0.0,1.0,7,7,7,7,7,7,7,7,7,7,7,"Top,Bot,Jungle,Support","Was a good bunch, we lost but we did well regardless. Had a good time ",
18,5,22,Platinum IV,Male,Bot,5062654604,0,2.0,4.0,1.0,2.0,4.0,4.0,4.0,1.0,4.0,4.0,2.0,1.0,4.0,4.0,1.0,5.0,4.0,3.0,2.0,4.0,4.0,1.0,2.0,3.0,4.0,2.0,1.0,1.0,2.0,4.0,3.0,2.0,4.0,2.0,4.0,2.0,2.0,2.0,1.0,4.0,1.0,1.0,1.0,1.0,1.0,0.0,1.0,1.0,1.0,0.0,1.0,1.0,1.0,0.0,1.0,1.0,1.0,1.0,0.0,1.0,1.0,1.0,0.0,1.0,0.0,0.0,1.0,1.0,0.0,0.0,0.0,1.0,1.0,1.0,1.0,1.0,5,6,6,7,7,6,6,7,7,6,7,"Mid,Top,Jungle,Support","I think they are all good at the game with a decent understanding I think we had some syngery issues, and I would say that the Top laner could've done with a bit more team task focus as I found that we were doing something as a 4 when we said we would do it as a 5, but I think that is just down to miscommunciation, I think everything went well and although we lost I do think that we communicated well but not the best of our abilities, a few more games and we would be there and have eachother priotiries in check","T'was fun :) Although the facebook ad that was put in the LEague of Legends UK I thin, might've misread, but it made it seem like you would get RP for participating not in a prize draw but again not checked so could be totally wrong. These boxes are one line so it makes it hard to see what I have written previsouly, a box would be better :) Website looks great though"
19,5,23,Platinum IV,Male,Jung,5062654604,0,4.0,4.0,3.0,2.0,2.0,4.0,3.0,1.0,2.0,4.0,3.0,2.0,3.0,5.0,2.0,3.0,3.0,4.0,3.0,3.0,4.0,3.0,2.0,2.0,4.0,3.0,4.0,3.0,2.0,2.0,4.0,2.0,3.0,4.0,4.0,2.0,2.0,3.0,2.0,1.0,1.0,1.0,0.0,0.0,1.0,1.0,0.0,1.0,1.0,1.0,1.0,0.0,1.0,1.0,1.0,1.0,1.0,1.0,1.0,1.0,1.0,0.0,1.0,1.0,1.0,1.0,1.0,1.0,1.0,1.0,0.0,1.0,1.0,1.0,0.0,1.0,4,5,5,6,6,4,4,6,7,4,2,"Mid,Top,Bot,Jungle,Support",They were all quite friendly and I would have no issues with playing with any of them again.,"At this level of gameplay, the team's ability to react and respond to tasks is much more limited because people have less time to actually consider more wider aspects of gameplay (where the enemy jungler is, summoner timer's, when to back off on the map and when to pressure, or where to ward). Therefore it makes it a lot harder for the team to actually unify and play according to a win. As far as actually playing with the teammates however, I felt everyone tried so I can't fault anyone's want to win. "
20,5,21,Platinum IV,Male,Support,5062654604,0,3.0,3.0,2.0,4.0,5.0,2.0,4.0,1.0,3.0,1.0,1.0,3.0,4.0,3.0,1.0,4.0,3.0,2.0,2.0,4.0,4.0,4.0,4.0,4.0,4.0,3.0,2.0,5.0,5.0,2.0,4.0,4.0,4.0,4.0,2.0,5.0,4.0,4.0,2.0,1.0,1.0,1.0,0.0,1.0,1.0,1.0,1.0,1.0,1.0,1.0,1.0,1.0,1.0,0.0,1.0,1.0,1.0,1.0,1.0,1.0,1.0,1.0,1.0,0.0,0.0,1.0,1.0,1.0,1.0,1.0,1.0,1.0,1.0,1.0,0.0,1.0,6,6,6,6,6,6,5,6,6,5,6,Bot,similar gameplay mindset,cool experiment
21,6,21,Silver I,Male,Top,5064350747,1,4.0,4.0,1.0,5.0,4.0,2.0,2.0,5.0,2.0,4.0,1.0,4.0,4.0,4.0,5.0,4.0,4.0,4.0,2.0,2.0,4.0,1.0,2.0,4.0,4.0,1.0,1.0,5.0,4.0,2.0,1.0,4.0,4.0,2.0,2.0,4.0,2.0,4.0,2.0,3.0,1.0,1.0,1.0,1.0,1.0,1.0,1.0,1.0,1.0,0.0,1.0,0.0,0.0,1.0,1.0,1.0,0.0,1.0,1.0,1.0,1.0,1.0,0.0,1.0,0.0,0.0,1.0,1.0,1.0,1.0,1.0,1.0,1.0,1.0,1.0,1.0,6,7,6,7,6,6,6,6,6,6,7,"Mid,Bot,Jungle,Support",Everyone seemed very friendly and it was fun to play together. It was a pretty quick game so it's hard to judge but it was an enjoyable experience.=,
22,6,19,Silver IV,male,Support,5064350747,1,2.0,4.0,1.0,2.0,3.0,4.0,5.0,1.0,1.0,4.0,1.0,3.0,2.0,4.0,1.0,4.0,2.0,4.0,3.0,4.0,3.0,2.0,4.0,2.0,5.0,5.0,1.0,2.0,3.0,2.0,3.0,5.0,2.0,1.0,1.0,4.0,3.0,3.0,4.0,1.0,1.0,1.0,1.0,1.0,1.0,1.0,0.0,1.0,1.0,1.0,0.0,1.0,1.0,1.0,1.0,1.0,0.0,1.0,1.0,1.0,1.0,1.0,0.0,0.0,1.0,1.0,0.0,1.0,0.0,1.0,1.0,1.0,0.0,1.0,0.0,1.0,7,7,7,7,7,7,7,7,7,7,7,"Mid,Top,Bot,Jungle",1 they were very good and fun to play with.  they had a good game knowledge and a grasp on priorities,no comments
23,6,24,Silver II,Male,Mid,5064350747,1,3.0,4.0,2.0,2.0,4.0,4.0,2.0,4.0,2.0,5.0,4.0,4.0,4.0,4.0,2.0,5.0,1.0,2.0,2.0,2.0,4.0,4.0,2.0,4.0,4.0,4.0,2.0,2.0,4.0,2.0,4.0,5.0,2.0,2.0,3.0,4.0,2.0,5.0,2.0,4.0,1.0,1.0,1.0,1.0,1.0,1.0,0.0,1.0,0.0,0.0,0.0,1.0,1.0,1.0,0.0,0.0,1.0,1.0,1.0,0.0,1.0,1.0,1.0,1.0,1.0,1.0,1.0,1.0,0.0,1.0,1.0,0.0,0.0,,,,7,7,7,7,7,7,7,7,7,7,7,"Top,Jungle","I would like to paly with them again becasue they understand the game, understand their lane match ups and know how to do the basic things needed to win.",
24,6,26,Silver III,Male,Jung,5064350747,1,3.0,4.0,3.0,2.0,2.0,5.0,5.0,3.0,1.0,5.0,4.0,5.0,4.0,3.0,3.0,3.0,4.0,3.0,4.0,3.0,5.0,5.0,1.0,4.0,4.0,5.0,1.0,5.0,4.0,5.0,5.0,5.0,4.0,1.0,3.0,5.0,3.0,4.0,2.0,5.0,1.0,1.0,0.0,1.0,1.0,0.0,1.0,1.0,1.0,0.0,1.0,0.0,0.0,1.0,0.0,0.0,1.0,1.0,1.0,1.0,1.0,1.0,1.0,1.0,1.0,1.0,0.0,1.0,1.0,1.0,1.0,0.0,0.0,1.0,0.0,0.0,7,7,6,7,7,7,7,7,7,7,7,"Top,Jungle,Support","Had a really fun time, everyone was very friendly and communicated effectively with each other, working together to win.",
25,6,19,Silver I,Male,Bot,5064350747,1,3.0,1.0,1.0,3.0,4.0,3.0,5.0,3.0,2.0,3.0,4.0,4.0,3.0,1.0,3.0,3.0,3.0,2.0,3.0,3.0,4.0,2.0,5.0,4.0,4.0,3.0,2.0,4.0,4.0,2.0,4.0,3.0,4.0,1.0,4.0,2.0,3.0,3.0,3.0,4.0,0.0,1.0,0.0,1.0,1.0,1.0,0.0,1.0,1.0,1.0,1.0,0.0,1.0,1.0,1.0,1.0,1.0,1.0,1.0,0.0,1.0,1.0,1.0,1.0,0.0,0.0,0.0,1.0,0.0,1.0,0.0,1.0,0.0,1.0,1.0,1.0,7,7,7,6,7,6,7,7,7,7,7,"Top,Jungle,Support","They were all friendly and seemed to care about the team as a whole, compliementing each other and not tilting over anything negative.",
26,7,23,Silver II,Male,Mid,5062628707,0,2.0,4.0,2.0,4.0,2.0,4.0,4.0,3.0,1.0,5.0,3.0,3.0,1.0,5.0,4.0,3.0,4.0,2.0,3.0,4.0,3.0,4.0,4.0,5.0,5.0,5.0,1.0,2.0,3.0,5.0,4.0,2.0,5.0,2.0,1.0,5.0,3.0,3.0,3.0,5.0,0.0,0.0,1.0,1.0,1.0,1.0,1.0,1.0,1.0,1.0,0.0,1.0,0.0,1.0,1.0,1.0,1.0,1.0,1.0,1.0,1.0,1.0,0.0,1.0,1.0,1.0,1.0,1.0,0.0,0.0,1.0,1.0,1.0,1.0,1.0,1.0,2,4,5,4,5,6,3,3,5,3,4,,,was quite weird bc all of us had diferent sense of the game and at some point it felt like we where playing diferent games.
27,7,24,Silver I,Male,Top,5062628707,0,3.0,4.0,3.0,2.0,2.0,4.0,4.0,3.0,2.0,2.0,2.0,2.0,4.0,5.0,2.0,5.0,2.0,4.0,2.0,5.0,4.0,1.0,2.0,2.0,2.0,2.0,2.0,5.0,4.0,4.0,2.0,4.0,3.0,3.0,3.0,1.0,2.0,3.0,2.0,5.0,0.0,1.0,0.0,1.0,0.0,0.0,1.0,0.0,1.0,1.0,0.0,1.0,1.0,0.0,1.0,1.0,0.0,1.0,0.0,1.0,1.0,1.0,0.0,0.0,0.0,1.0,0.0,1.0,0.0,0.0,1.0,0.0,0.0,1.0,0.0,1.0,2,2,2,4,3,3,3,2,2,2,3,"Jungle,Support","Relaxed experienced player, was ok to play with.",
28,7,21,Silver I,Male,Support,5062628707,0,4.0,5.0,2.0,2.0,2.0,5.0,2.0,3.0,1.0,5.0,2.0,4.0,2.0,4.0,1.0,2.0,4.0,4.0,2.0,4.0,2.0,5.0,1.0,3.0,5.0,4.0,1.0,2.0,4.0,5.0,1.0,2.0,2.0,5.0,2.0,3.0,2.0,5.0,1.0,4.0,1.0,1.0,1.0,1.0,1.0,0.0,1.0,1.0,1.0,1.0,1.0,1.0,1.0,1.0,1.0,0.0,1.0,1.0,1.0,1.0,1.0,1.0,0.0,1.0,0.0,0.0,1.0,1.0,1.0,1.0,1.0,1.0,1.0,1.0,1.0,1.0,1,1,1,1,1,1,2,2,3,1,1,Top,He seemed like a nice enough guy,I feel like I'm going to need the worlds most extensive debrief after having to sit through that. Puts the Stanford Prison Experiment to shame haha.
29,8,29,Silver IV,Male,Bot,5074481840,0,3.0,4.0,1.0,5.0,5.0,3.0,4.0,5.0,3.0,3.0,3.0,2.0,5.0,4.0,4.0,5.0,3.0,3.0,4.0,2.0,3.0,3.0,3.0,1.0,3.0,5.0,1.0,2.0,4.0,2.0,5.0,2.0,5.0,3.0,3.0,3.0,2.0,4.0,3.0,5.0,1.0,1.0,1.0,0.0,0.0,1.0,0.0,0.0,1.0,0.0,0.0,1.0,1.0,0.0,0.0,1.0,0.0,0.0,1.0,1.0,1.0,0.0,0.0,0.0,0.0,0.0,0.0,1.0,1.0,1.0,1.0,0.0,1.0,0.0,1.0,1.0,6,6,7,7,7,5,6,7,5,5,5,"Bot,Jungle,Support",they knew the game they weren't playing for the first time and it was very fun playing with each other,
30,8,23,Silver I,male,Top,5074481840,0,2.0,1.0,2.0,4.0,2.0,4.0,1.0,1.0,2.0,5.0,4.0,4.0,3.0,2.0,2.0,2.0,2.0,2.0,2.0,4.0,2.0,1.0,4.0,2.0,2.0,3.0,4.0,2.0,4.0,2.0,5.0,4.0,4.0,1.0,2.0,4.0,2.0,4.0,4.0,1.0,1.0,0.0,0.0,1.0,1.0,1.0,1.0,0.0,0.0,1.0,1.0,1.0,1.0,1.0,1.0,1.0,1.0,0.0,1.0,1.0,1.0,0.0,0.0,1.0,1.0,1.0,1.0,1.0,0.0,0.0,0.0,1.0,1.0,1.0,1.0,1.0,5,3,5,5,6,4,6,5,5,5,6,"Mid,Bot,Jungle,Support","Think they all played very well, jung was a good leader, mid was hitting good roots, bot laned well together. everyone was really good.",I feel like i kind of let the team down a bit with my general skill but i'm quite happy with everyone else
31,8,31,Silver I,Male,Jung,5074481840,0,2.0,1.0,1.0,2.0,5.0,3.0,5.0,1.0,3.0,2.0,1.0,5.0,2.0,1.0,5.0,4.0,2.0,4.0,3.0,3.0,2.0,2.0,5.0,2.0,4.0,3.0,1.0,3.0,2.0,2.0,3.0,5.0,3.0,1.0,4.0,5.0,5.0,2.0,5.0,1.0,0.0,1.0,1.0,1.0,1.0,1.0,1.0,1.0,1.0,1.0,1.0,1.0,0.0,1.0,1.0,1.0,1.0,1.0,1.0,1.0,1.0,1.0,1.0,1.0,0.0,1.0,1.0,1.0,1.0,1.0,0.0,1.0,0.0,1.0,1.0,1.0,5,6,6,5,5,7,6,6,6,6,6,"Mid,Bot,Support",Seemed to have knowledge about the game and played/positioned well.,goodluck with the research!
32,8,23,Silver II,Female,Support,5074481840,0,2.0,4.0,5.0,5.0,5.0,2.0,4.0,4.0,4.0,2.0,5.0,4.0,4.0,4.0,4.0,4.0,4.0,4.0,5.0,4.0,4.0,2.0,5.0,4.0,4.0,2.0,4.0,4.0,3.0,2.0,5.0,5.0,4.0,4.0,4.0,2.0,3.0,2.0,4.0,5.0,1.0,1.0,1.0,1.0,1.0,1.0,0.0,1.0,1.0,0.0,1.0,1.0,1.0,0.0,1.0,0.0,1.0,1.0,0.0,1.0,1.0,1.0,1.0,1.0,0.0,1.0,1.0,1.0,0.0,1.0,1.0,1.0,1.0,1.0,1.0,1.0,3,6,6,6,6,5,5,5,5,5,6,"Mid,Top,Bot,Jungle",Jungle especially as they were very communitive,Good fun thanks :)
33,8,22,Silver IV,Female,Mid,5074481840,0,2.0,2.0,5.0,4.0,3.0,4.0,5.0,2.0,2.0,5.0,3.0,4.0,5.0,2.0,5.0,5.0,3.0,2.0,4.0,4.0,5.0,2.0,5.0,4.0,4.0,4.0,3.0,3.0,4.0,2.0,5.0,5.0,3.0,2.0,5.0,4.0,4.0,1.0,5.0,5.0,1.0,1.0,0.0,0.0,1.0,1.0,1.0,0.0,1.0,1.0,1.0,1.0,1.0,1.0,1.0,1.0,1.0,1.0,1.0,1.0,1.0,1.0,1.0,1.0,0.0,1.0,0.0,1.0,0.0,1.0,1.0,1.0,1.0,1.0,1.0,1.0,5,6,5,4,6,5,6,6,6,5,7,"Bot,Jungle,Support","Jungle and Bot played well, support was friendly. I didn't really see or hear much from top unfortunately.",
34,9,25,Silver I,Male,Mid,5063912089,0,2.0,1.0,3.0,4.0,4.0,1.0,2.0,4.0,1.0,2.0,2.0,4.0,5.0,2.0,4.0,4.0,2.0,3.0,5.0,5.0,4.0,1.0,2.0,2.0,2.0,1.0,2.0,1.0,5.0,2.0,5.0,5.0,5.0,1.0,1.0,5.0,4.0,1.0,1.0,3.0,1.0,1.0,1.0,1.0,1.0,1.0,1.0,0.0,1.0,0.0,1.0,1.0,1.0,1.0,1.0,1.0,1.0,1.0,1.0,1.0,1.0,1.0,1.0,1.0,1.0,1.0,0.0,1.0,1.0,1.0,1.0,1.0,1.0,1.0,1.0,1.0,7,7,7,7,7,7,7,6,7,7,7,"Bot,Jungle",They communicated clearly and seemed to try their best to win. No one flamed anyone or pointed blame.,
35,9,18,Silver II,Male,Bot,5063912089,0,2.0,2.0,2.0,4.0,2.0,4.0,5.0,4.0,2.0,4.0,1.0,4.0,2.0,2.0,1.0,4.0,2.0,2.0,4.0,2.0,4.0,4.0,4.0,4.0,4.0,2.0,1.0,4.0,1.0,4.0,2.0,4.0,2.0,2.0,4.0,4.0,2.0,4.0,2.0,5.0,1.0,1.0,0.0,1.0,1.0,1.0,1.0,1.0,1.0,0.0,1.0,1.0,1.0,1.0,1.0,1.0,1.0,1.0,0.0,0.0,1.0,1.0,0.0,0.0,0.0,1.0,1.0,1.0,1.0,1.0,0.0,1.0,1.0,1.0,1.0,1.0,6,6,6,6,6,5,5,5,6,6,7,"Mid,Bot,Jungle",Jungle talkative and motivated to try and win and works well with comms. Mid is less talkative but still gives necessary info when required,Experiment was fun and well conducted gj :)
36,9,20,Silver IV,Male,Jung,5063912089,0,5.0,2.0,1.0,5.0,5.0,5.0,5.0,1.0,4.0,3.0,4.0,5.0,5.0,3.0,5.0,4.0,5.0,4.0,1.0,5.0,5.0,3.0,1.0,4.0,5.0,4.0,4.0,4.0,1.0,4.0,2.0,5.0,5.0,2.0,1.0,5.0,1.0,5.0,3.0,2.0,0.0,1.0,1.0,1.0,1.0,0.0,1.0,1.0,1.0,1.0,1.0,1.0,0.0,1.0,1.0,1.0,1.0,1.0,1.0,1.0,1.0,1.0,1.0,1.0,1.0,1.0,1.0,1.0,0.0,1.0,1.0,1.0,1.0,1.0,1.0,1.0,7,7,5,7,7,7,6,6,6,7,7,"Mid,Bot","Bot was very friendly and communicative. Mid didn't talk as much, but reacted well to situations where I needed help.",
37,10,26,Gold II,Female,Support,5061949934,1,2.0,3.0,4.0,3.0,1.0,4.0,4.0,3.0,1.0,4.0,4.0,3.0,2.0,4.0,2.0,4.0,3.0,3.0,2.0,4.0,5.0,3.0,4.0,4.0,2.0,2.0,3.0,4.0,2.0,4.0,2.0,4.0,3.0,2.0,3.0,4.0,3.0,4.0,4.0,5.0,0.0,1.0,0.0,0.0,0.0,0.0,0.0,0.0,0.0,1.0,1.0,1.0,1.0,0.0,1.0,0.0,1.0,1.0,1.0,1.0,1.0,1.0,1.0,1.0,1.0,1.0,1.0,1.0,1.0,1.0,1.0,1.0,1.0,0.0,1.0,1.0,6,6,6,7,6,5,6,6,5,6,6,Jungle,Our Jungler was very communicative and nice. Bot was not as good at communicating but didn't always listen to what I was saying to him (about not needing to ward etc.),Please also let us know the times in CET :)
38,10,21,Gold II,Male,Bot,5061949934,1,3.0,2.0,1.0,4.0,4.0,3.0,5.0,5.0,1.0,5.0,5.0,3.0,3.0,2.0,4.0,5.0,3.0,1.0,3.0,5.0,5.0,5.0,5.0,5.0,5.0,4.0,5.0,2.0,5.0,4.0,5.0,2.0,4.0,1.0,2.0,5.0,3.0,4.0,3.0,5.0,0.0,1.0,0.0,1.0,0.0,0.0,0.0,1.0,1.0,1.0,0.0,1.0,1.0,0.0,1.0,1.0,1.0,1.0,1.0,0.0,1.0,1.0,0.0,1.0,0.0,0.0,0.0,1.0,1.0,0.0,1.0,1.0,1.0,0.0,1.0,1.0,7,7,7,7,6,7,7,7,6,7,6,Support,They were so positive so the game was a good experience. No one were screaming and toxic.,It was a really good experience and I was matched with nice people
39,10,26,Gold IV,Male,Jung,5061949934,1,1.0,2.0,2.0,1.0,4.0,5.0,5.0,1.0,4.0,5.0,4.0,1.0,5.0,5.0,1.0,5.0,1.0,4.0,1.0,1.0,4.0,5.0,5.0,1.0,5.0,5.0,4.0,1.0,5.0,4.0,1.0,5.0,2.0,2.0,1.0,2.0,5.0,5.0,5.0,2.0,0.0,1.0,1.0,1.0,0.0,0.0,0.0,1.0,1.0,1.0,1.0,1.0,1.0,1.0,0.0,1.0,1.0,1.0,1.0,0.0,1.0,1.0,0.0,0.0,1.0,1.0,1.0,1.0,0.0,1.0,1.0,1.0,1.0,1.0,1.0,1.0,7,7,7,6,7,6,7,7,7,7,7,"Bot,Support","they are good to talk to, understand objectives and comunicated clearly even tho we didnt know each other",Sim0sa is a cool guy too!
40,11,19,Gold 1,Male,Mid,5063257882,1,2.0,3.0,2.0,2.0,4.0,5.0,4.0,2.0,5.0,4.0,3.0,2.0,4.0,4.0,3.0,5.0,2.0,2.0,4.0,4.0,4.0,4.0,4.0,4.0,4.0,4.0,2.0,2.0,4.0,3.0,2.0,4.0,2.0,5.0,3.0,4.0,2.0,4.0,4.0,4.0,1.0,1.0,0.0,1.0,0.0,1.0,1.0,1.0,1.0,1.0,1.0,1.0,1.0,1.0,1.0,1.0,1.0,1.0,1.0,1.0,1.0,1.0,1.0,1.0,1.0,1.0,1.0,1.0,1.0,1.0,1.0,1.0,1.0,1.0,1.0,1.0,6,7,6,7,7,5,6,7,6,7,7,"Top,Bot,Jungle,Support","They have a good sense of the game in my opinion. They were also quite light hearted and didnt give up immediately if a play went bad, we were down a few kills top lane but people still stayed focused and looked for the next play which I like in team mates. Everyone seemed to get on and there was no negative attitude. ",I think this is a cool experiment to take part in and quite would be quite interesting from a researcher point of view
41,11,21,Gold 1,Male,Bot,5063257882,1,1.0,4.0,1.0,1.0,5.0,5.0,5.0,1.0,5.0,2.0,1.0,2.0,2.0,2.0,1.0,5.0,2.0,2.0,3.0,5.0,2.0,2.0,3.0,1.0,2.0,2.0,1.0,5.0,4.0,1.0,1.0,5.0,1.0,3.0,2.0,1.0,1.0,4.0,1.0,4.0,1.0,0.0,1.0,1.0,1.0,1.0,1.0,1.0,1.0,1.0,1.0,1.0,1.0,1.0,0.0,1.0,1.0,1.0,1.0,1.0,1.0,1.0,1.0,1.0,1.0,1.0,1.0,1.0,0.0,1.0,1.0,1.0,1.0,0.0,1.0,1.0,6,7,5,7,6,7,7,6,7,7,6,"Mid,Top,Bot,Jungle,Support",nice people having a laugh even when mistakes were made. people listened to each other and played as a team. everyone was nice,"good experience. we won but i think even if we lost, people would still have enjoyed playing."
42,11,19,Gold IV,Male,Jung,5063257882,1,2.0,4.0,3.0,4.0,4.0,4.0,4.0,2.0,2.0,5.0,4.0,2.0,5.0,5.0,2.0,5.0,5.0,2.0,5.0,4.0,4.0,4.0,4.0,4.0,4.0,4.0,2.0,5.0,5.0,3.0,4.0,5.0,4.0,1.0,4.0,5.0,5.0,5.0,4.0,5.0,0.0,1.0,1.0,1.0,0.0,1.0,0.0,1.0,1.0,1.0,1.0,1.0,1.0,1.0,1.0,1.0,1.0,1.0,1.0,1.0,1.0,1.0,0.0,1.0,1.0,0.0,1.0,1.0,1.0,1.0,1.0,1.0,1.0,0.0,0.0,1.0,7,7,7,7,7,4,7,7,6,7,7,"Mid,Top,Bot,Support",They were fun to play with and all round relaxed and not toxic,
43,11,18,Gold III,Male,Top,5063257882,1,4.0,4.0,2.0,3.0,2.0,3.0,4.0,4.0,1.0,3.0,3.0,2.0,4.0,3.0,2.0,5.0,2.0,4.0,3.0,2.0,3.0,3.0,3.0,4.0,5.0,3.0,2.0,3.0,3.0,3.0,5.0,5.0,3.0,3.0,3.0,4.0,4.0,2.0,2.0,5.0,1.0,1.0,1.0,1.0,0.0,1.0,0.0,1.0,1.0,1.0,1.0,0.0,0.0,1.0,1.0,1.0,1.0,0.0,1.0,1.0,1.0,1.0,1.0,1.0,0.0,1.0,1.0,1.0,0.0,0.0,1.0,1.0,1.0,1.0,0.0,1.0,7,7,7,6,7,7,7,7,7,7,7,"Mid,Bot,Jungle,Support",good mental and good players,
44,11,18,Gold III,male,Support,5063257882,1,1.0,3.0,2.0,2.0,2.0,5.0,2.0,1.0,4.0,5.0,3.0,3.0,5.0,5.0,2.0,4.0,2.0,4.0,2.0,4.0,2.0,5.0,3.0,5.0,4.0,4.0,5.0,3.0,5.0,4.0,2.0,5.0,3.0,5.0,4.0,2.0,3.0,5.0,2.0,5.0,1.0,0.0,1.0,1.0,0.0,1.0,0.0,0.0,1.0,1.0,1.0,1.0,1.0,1.0,1.0,0.0,1.0,1.0,1.0,1.0,1.0,1.0,1.0,1.0,1.0,0.0,1.0,1.0,1.0,1.0,1.0,1.0,1.0,1.0,1.0,1.0,6,5,2,6,7,4,6,7,7,7,1,,,
45,12,22,Gold III,Male,Jung,5078774160,1,5.0,3.0,2.0,2.0,1.0,3.0,5.0,3.0,2.0,2.0,1.0,3.0,5.0,4.0,2.0,4.0,5.0,2.0,4.0,4.0,3.0,2.0,5.0,3.0,5.0,3.0,1.0,2.0,5.0,2.0,4.0,3.0,4.0,3.0,1.0,2.0,5.0,2.0,2.0,4.0,1.0,0.0,1.0,1.0,1.0,1.0,0.0,1.0,1.0,1.0,1.0,0.0,0.0,1.0,1.0,0.0,1.0,1.0,1.0,1.0,1.0,1.0,1.0,1.0,1.0,0.0,1.0,1.0,1.0,1.0,0.0,1.0,1.0,1.0,1.0,1.0,6,6,6,6,7,5,6,6,7,6,6,Top,"They seemed to understand the logic behind the game and what to do with certain objectives, making the game easier to deal with than it normally would.",
46,12,19,Gold 1,Male,Top,5078774160,1,4.0,5.0,2.0,5.0,3.0,2.0,4.0,1.0,3.0,2.0,2.0,3.0,4.0,4.0,3.0,4.0,3.0,4.0,3.0,5.0,3.0,2.0,2.0,4.0,4.0,3.0,1.0,3.0,3.0,4.0,4.0,4.0,3.0,5.0,2.0,5.0,4.0,2.0,3.0,4.0,0.0,1.0,1.0,0.0,1.0,0.0,0.0,1.0,0.0,1.0,0.0,1.0,0.0,0.0,0.0,1.0,1.0,1.0,0.0,1.0,1.0,1.0,0.0,0.0,1.0,0.0,0.0,0.0,0.0,1.0,0.0,1.0,0.0,0.0,1.0,1.0,7,7,7,6,7,6,7,6,7,7,6,"Jungle,Support",,
47,12,24,Gold IV,Male,Support,5078774160,1,3.0,4.0,3.0,2.0,4.0,2.0,3.0,5.0,3.0,4.0,3.0,3.0,4.0,5.0,3.0,3.0,3.0,4.0,2.0,5.0,5.0,3.0,3.0,5.0,5.0,5.0,2.0,3.0,5.0,5.0,3.0,2.0,4.0,4.0,3.0,3.0,4.0,3.0,4.0,5.0,1.0,1.0,1.0,1.0,0.0,1.0,0.0,1.0,1.0,1.0,1.0,1.0,0.0,1.0,1.0,1.0,1.0,1.0,0.0,1.0,0.0,1.0,0.0,0.0,0.0,1.0,1.0,1.0,1.0,1.0,1.0,1.0,1.0,1.0,0.0,1.0,7,7,7,7,7,7,7,7,7,7,7,"Top,Bot,Jungle",Polite talented people,All good ❤️
48,13,26,Gold III,Male,Mid,5062657532,1,5.0,4.0,4.0,5.0,2.0,2.0,5.0,3.0,2.0,2.0,4.0,3.0,5.0,2.0,2.0,4.0,4.0,1.0,2.0,2.0,4.0,1.0,4.0,3.0,4.0,2.0,2.0,1.0,5.0,1.0,5.0,2.0,2.0,2.0,4.0,4.0,4.0,2.0,2.0,2.0,1.0,0.0,0.0,1.0,0.0,0.0,0.0,0.0,1.0,1.0,1.0,1.0,1.0,0.0,1.0,0.0,0.0,1.0,1.0,1.0,1.0,1.0,1.0,1.0,0.0,1.0,0.0,1.0,0.0,1.0,1.0,1.0,0.0,0.0,0.0,1.0,6,7,6,7,7,7,7,7,7,7,7,"Mid,Top,Bot,Jungle,Support",They've got such a positive energy,
49,13,29,Gold II,Male,Bot,5062657532,1,4.0,5.0,1.0,3.0,4.0,5.0,1.0,3.0,4.0,4.0,1.0,2.0,4.0,5.0,3.0,3.0,5.0,4.0,2.0,3.0,3.0,3.0,3.0,3.0,4.0,4.0,1.0,4.0,3.0,3.0,3.0,3.0,3.0,5.0,1.0,3.0,4.0,4.0,3.0,3.0,1.0,1.0,1.0,1.0,0.0,0.0,0.0,1.0,1.0,1.0,0.0,0.0,1.0,0.0,1.0,1.0,0.0,1.0,0.0,1.0,1.0,1.0,0.0,1.0,1.0,0.0,1.0,1.0,1.0,0.0,1.0,1.0,1.0,0.0,0.0,1.0,7,7,7,7,7,7,7,7,7,7,7,"Mid,Top,Jungle,Support",We literally had a blast playing together feel like it was a proper group of friends that have beem playing togeter for years,"JPD deserves diamond rank the silver banner is only a facade. Team was amazing i hope that we can play together in the future, experement was really fun and im glad that i took part :)"
50,13,18,Gold III,Male,Top,5062657532,1,4.0,4.0,2.0,3.0,2.0,3.0,4.0,4.0,1.0,3.0,3.0,2.0,4.0,3.0,2.0,5.0,2.0,4.0,3.0,2.0,3.0,3.0,3.0,4.0,5.0,3.0,2.0,3.0,3.0,3.0,5.0,5.0,3.0,3.0,3.0,4.0,4.0,2.0,2.0,5.0,1.0,1.0,1.0,1.0,0.0,1.0,0.0,1.0,1.0,1.0,1.0,0.0,0.0,1.0,1.0,1.0,1.0,0.0,1.0,1.0,1.0,1.0,1.0,1.0,0.0,1.0,1.0,1.0,0.0,0.0,1.0,1.0,1.0,1.0,0.0,1.0,7,7,7,7,7,5,7,7,7,7,7,"Mid,Bot,Jungle,Support",Very nice and they are good.,
51,13,21,Silver I,Man,Support,5062657532,1,2.0,3.0,1.0,5.0,2.0,4.0,4.0,1.0,2.0,2.0,4.0,2.0,2.0,2.0,2.0,3.0,2.0,1.0,2.0,3.0,4.0,1.0,1.0,2.0,4.0,2.0,2.0,2.0,3.0,2.0,3.0,5.0,4.0,2.0,2.0,4.0,4.0,2.0,1.0,4.0,1.0,0.0,1.0,0.0,0.0,1.0,0.0,1.0,1.0,0.0,0.0,1.0,1.0,1.0,0.0,0.0,1.0,1.0,1.0,1.0,1.0,1.0,0.0,1.0,1.0,0.0,1.0,0.0,1.0,1.0,0.0,1.0,1.0,0.0,1.0,0.0,7,7,6,6,7,6,7,7,7,7,7,"Mid,Top,Bot,Jungle",decided to play more than the test game :),
52,13,20,Gold IV,Male,Jung,5062657532,1,3.0,5.0,2.0,4.0,4.0,3.0,5.0,4.0,2.0,4.0,2.0,4.0,5.0,4.0,5.0,5.0,3.0,3.0,4.0,4.0,4.0,2.0,4.0,4.0,5.0,2.0,2.0,3.0,4.0,4.0,2.0,3.0,5.0,5.0,2.0,4.0,4.0,3.0,4.0,4.0,1.0,1.0,1.0,0.0,1.0,0.0,0.0,0.0,1.0,1.0,1.0,1.0,1.0,1.0,1.0,0.0,1.0,1.0,1.0,1.0,1.0,1.0,0.0,1.0,0.0,1.0,0.0,1.0,0.0,0.0,1.0,1.0,1.0,1.0,1.0,1.0,7,7,6,7,6,7,7,7,7,6,6,"Mid,Top,Bot,Support",All of them were nice and the match was fun. I had no specific opinions about specific teammates; I just enjoyed the group.,
53,14,23,Gold IV,Male,Mid,5062024419,1,4.0,5.0,1.0,2.0,3.0,5.0,4.0,1.0,2.0,5.0,2.0,2.0,4.0,5.0,2.0,4.0,4.0,4.0,3.0,2.0,2.0,4.0,4.0,5.0,4.0,4.0,2.0,2.0,2.0,4.0,4.0,2.0,2.0,4.0,4.0,4.0,4.0,4.0,4.0,3.0,1.0,1.0,1.0,1.0,1.0,1.0,1.0,1.0,1.0,0.0,1.0,1.0,1.0,0.0,1.0,1.0,0.0,1.0,0.0,1.0,1.0,1.0,1.0,1.0,1.0,1.0,1.0,1.0,0.0,0.0,1.0,1.0,1.0,0.0,0.0,1.0,7,7,6,6,7,5,6,7,7,7,7,"Top,Bot,Jungle,Support","Everyone got on well, all had good game understanding and we were all on the same page.","Really enjoyed the experiment, hope it helps. "
54,14,24,Gold III,male,Bot,5062024419,1,3.0,4.0,1.0,2.0,2.0,5.0,4.0,3.0,2.0,4.0,1.0,2.0,4.0,4.0,1.0,5.0,3.0,3.0,2.0,5.0,5.0,1.0,3.0,3.0,5.0,4.0,1.0,5.0,3.0,3.0,2.0,5.0,1.0,5.0,2.0,5.0,4.0,5.0,2.0,5.0,1.0,1.0,1.0,1.0,1.0,1.0,1.0,1.0,0.0,1.0,1.0,1.0,1.0,1.0,1.0,1.0,0.0,1.0,1.0,0.0,1.0,1.0,0.0,1.0,0.0,0.0,0.0,1.0,0.0,0.0,1.0,1.0,0.0,1.0,1.0,1.0,7,7,7,7,7,7,7,7,7,7,7,"Mid,Top,Bot,Jungle,Support","extremely good communication, good atmosphere, useful information with some light and fun banter",Was actually great fun.
55,14,21,Gold IV,Male,Top,5062024419,1,4.0,4.0,2.0,3.0,4.0,2.0,4.0,4.0,1.0,4.0,4.0,4.0,4.0,4.0,2.0,5.0,5.0,3.0,1.0,5.0,4.0,4.0,2.0,3.0,4.0,2.0,2.0,5.0,3.0,3.0,4.0,5.0,1.0,2.0,2.0,5.0,5.0,4.0,3.0,2.0,1.0,1.0,1.0,1.0,1.0,1.0,0.0,1.0,1.0,1.0,1.0,1.0,0.0,1.0,1.0,1.0,1.0,1.0,1.0,0.0,1.0,1.0,1.0,1.0,1.0,1.0,0.0,1.0,0.0,1.0,1.0,1.0,1.0,1.0,1.0,1.0,7,6,7,7,7,6,7,7,7,7,6,"Mid,Bot,Jungle,Support","boredom, they were nice",
56,14,26,Gold IV,Male,Jung,5062024419,1,4.0,3.0,2.0,1.0,3.0,4.0,4.0,1.0,2.0,4.0,2.0,2.0,2.0,4.0,4.0,3.0,2.0,4.0,4.0,4.0,4.0,5.0,4.0,3.0,3.0,5.0,2.0,3.0,5.0,5.0,3.0,3.0,2.0,5.0,3.0,4.0,3.0,4.0,3.0,2.0,0.0,1.0,1.0,0.0,1.0,1.0,1.0,1.0,1.0,1.0,0.0,0.0,1.0,1.0,1.0,1.0,1.0,1.0,1.0,1.0,1.0,1.0,1.0,1.0,1.0,1.0,1.0,1.0,0.0,1.0,1.0,0.0,1.0,1.0,1.0,1.0,7,6,6,5,6,6,6,6,6,6,5,Top,Stable top laner. Didn't tilt after mistake play on top lane (level 2 - I thought I was level 3); indicates good competance in losing/winning scenarios.,Team was generally cohesive and followed plays and voice comms.
57,14,24,Silver I,Male,Support,5062024419,1,3.0,4.0,2.0,4.0,2.0,1.0,4.0,4.0,3.0,2.0,3.0,2.0,4.0,3.0,2.0,2.0,3.0,4.0,3.0,2.0,2.0,2.0,4.0,4.0,2.0,2.0,2.0,2.0,3.0,2.0,5.0,3.0,4.0,2.0,2.0,5.0,3.0,1.0,4.0,4.0,1.0,1.0,1.0,1.0,1.0,1.0,0.0,1.0,1.0,1.0,1.0,1.0,1.0,1.0,1.0,0.0,1.0,1.0,1.0,0.0,1.0,1.0,1.0,1.0,1.0,1.0,1.0,1.0,1.0,1.0,1.0,0.0,0.0,1.0,1.0,1.0,5,7,7,5,7,4,7,7,7,5,6,"Mid,Top,Bot,Jungle","Good communication, quite good at giving tasks to people",Team was quite reactive instead of anticipatory. Was okay due to communication but could have been better
58,15,23,Gold II,Male,Mid,5052427484,1,3.0,3.0,2.0,5.0,2.0,2.0,4.0,1.0,2.0,4.0,3.0,2.0,4.0,4.0,2.0,5.0,4.0,4.0,2.0,3.0,2.0,4.0,2.0,4.0,5.0,3.0,1.0,4.0,4.0,3.0,2.0,5.0,2.0,2.0,1.0,4.0,3.0,4.0,2.0,2.0,1.0,1.0,1.0,1.0,0.0,0.0,0.0,0.0,1.0,0.0,0.0,0.0,0.0,1.0,1.0,1.0,0.0,1.0,1.0,1.0,1.0,1.0,1.0,1.0,0.0,0.0,1.0,1.0,0.0,1.0,0.0,1.0,1.0,0.0,0.0,0.0,7,6,5,6,6,7,6,6,7,5,6,"Mid,Top,Bot,Jungle,Support","I'd be happy to play with them all just because I like playing the game. From a competitive perspective, supp was the one who made the best macro calls whereas other teammate's calls were questionable at best. However, everyone communicated effectively, played to goals that were announced (even if they were misaligned) and had fun doing so. If you make a mistake, you do it together, and that's why I'd be happy to play with the team.","Gib RP pls. Seriously though, that was very fun, as the only person who wasn't found on reddit I felt a little scared but ha it was good."
59,15,24,Gold IV,Male,Bot,5052427484,1,2.0,4.0,1.0,1.0,4.0,5.0,4.0,1.0,2.0,4.0,1.0,2.0,4.0,5.0,1.0,5.0,4.0,4.0,2.0,5.0,4.0,4.0,4.0,5.0,4.0,2.0,1.0,5.0,4.0,2.0,1.0,4.0,2.0,5.0,2.0,5.0,4.0,4.0,4.0,5.0,1.0,1.0,0.0,1.0,1.0,1.0,1.0,1.0,1.0,1.0,1.0,1.0,1.0,1.0,1.0,1.0,1.0,1.0,1.0,1.0,1.0,1.0,0.0,1.0,1.0,0.0,1.0,1.0,1.0,0.0,1.0,0.0,1.0,1.0,1.0,1.0,7,7,7,7,7,7,6,6,7,7,7,"Mid,Top,Jungle,Support",It was very enjoyable. The guys were all very fun to talk to and feel like everyone included each other.,"Great opportunity this was, I'm glad I participated! :D"
60,15,30,Gold IV,Male,Top,5052427484,1,5.0,2.0,1.0,1.0,4.0,3.0,4.0,5.0,2.0,5.0,2.0,2.0,5.0,4.0,3.0,5.0,4.0,3.0,3.0,5.0,4.0,3.0,3.0,1.0,3.0,3.0,3.0,4.0,3.0,3.0,4.0,3.0,2.0,3.0,3.0,5.0,2.0,3.0,3.0,3.0,1.0,1.0,0.0,1.0,1.0,0.0,0.0,0.0,1.0,1.0,1.0,1.0,1.0,0.0,1.0,1.0,1.0,1.0,1.0,1.0,1.0,1.0,1.0,1.0,1.0,1.0,0.0,0.0,1.0,1.0,1.0,1.0,1.0,0.0,0.0,0.0,7,6,5,6,7,5,6,6,6,6,6,"Top,Jungle","Made some important movement along the map, and was able to follow calls",
61,15,24,Gold III,Male,Jung,5052427484,1,3.0,3.0,2.0,2.0,5.0,4.0,3.0,1.0,4.0,4.0,2.0,4.0,5.0,2.0,2.0,4.0,2.0,5.0,4.0,4.0,3.0,3.0,2.0,2.0,4.0,3.0,1.0,5.0,5.0,2.0,2.0,5.0,2.0,4.0,2.0,4.0,2.0,2.0,1.0,1.0,1.0,1.0,1.0,1.0,1.0,0.0,0.0,1.0,0.0,1.0,1.0,1.0,1.0,1.0,0.0,1.0,1.0,1.0,1.0,1.0,1.0,1.0,0.0,1.0,1.0,1.0,0.0,1.0,0.0,1.0,0.0,1.0,1.0,1.0,0.0,1.0,6,7,6,7,6,7,6,6,6,7,5,Top,I felt like our top laner was very active in voice chat and proactively made calls. He also played extremely well which made my job as a jungler easier since he didn't need much attention.,I haven't played in over a month but it was really fun playing in a group of 5 again haha
62,15,22,Gold III,Male,Support,5052427484,1,2.0,3.0,1.0,2.0,2.0,1.0,4.0,2.0,2.0,5.0,2.0,3.0,4.0,4.0,4.0,5.0,2.0,4.0,4.0,4.0,2.0,4.0,4.0,4.0,3.0,4.0,1.0,2.0,2.0,5.0,1.0,2.0,2.0,2.0,2.0,5.0,2.0,4.0,4.0,4.0,1.0,1.0,1.0,0.0,0.0,0.0,1.0,1.0,0.0,0.0,0.0,1.0,1.0,0.0,0.0,0.0,1.0,1.0,1.0,1.0,1.0,1.0,1.0,0.0,1.0,1.0,1.0,1.0,0.0,1.0,1.0,1.0,1.0,1.0,1.0,1.0,7,7,5,7,7,6,7,6,6,7,7,"Mid,Top,Bot,Jungle","I would happily play with them all again but for different reasons, bot and mid both seem like nice chilled people to play with and jungle and top have a similar understanding of how to play as a team than me.",Thank you for inviting us.
63,16,22,Gold II,Male,Bot,5065998241,1,4.0,4.0,2.0,5.0,5.0,5.0,1.0,4.0,1.0,5.0,5.0,3.0,4.0,4.0,5.0,5.0,2.0,5.0,1.0,5.0,4.0,3.0,3.0,5.0,2.0,2.0,3.0,4.0,1.0,4.0,5.0,5.0,3.0,5.0,2.0,5.0,2.0,4.0,4.0,5.0,1.0,0.0,1.0,1.0,0.0,1.0,1.0,1.0,0.0,1.0,1.0,1.0,0.0,0.0,1.0,0.0,1.0,1.0,0.0,1.0,1.0,0.0,1.0,0.0,1.0,0.0,1.0,0.0,0.0,1.0,1.0,1.0,0.0,1.0,0.0,1.0,6,7,6,6,6,7,7,6,6,6,4,Support,it was a easy lane with him so it would be funn to play with him again,
64,16,19,Gold IV,,Mid,5065998241,1,,,,,,,,,,,,,,,,,,,,,,,,,,,,,,,,,,,,,,,,,,,,,,,,,,,,,,,,,,,,,,,,,,,,,,,,,,,,,7,6,7,6,7,4,7,7,7,7,7,"Bot,Support",they're nice they don't get tilted easily and they have a good sence of the game,thanks for the experience :)
65,16,27,Gold II,Male,Support,5065998241,1,4.0,3.0,1.0,3.0,2.0,5.0,5.0,1.0,4.0,1.0,4.0,1.0,5.0,5.0,3.0,5.0,4.0,1.0,5.0,5.0,5.0,3.0,1.0,1.0,5.0,4.0,2.0,5.0,5.0,1.0,5.0,2.0,5.0,1.0,2.0,5.0,3.0,3.0,2.0,2.0,0.0,1.0,1.0,1.0,1.0,0.0,1.0,1.0,1.0,1.0,1.0,1.0,0.0,0.0,1.0,0.0,1.0,1.0,1.0,1.0,1.0,1.0,0.0,1.0,1.0,1.0,0.0,1.0,0.0,1.0,1.0,1.0,0.0,1.0,1.0,1.0,7,7,7,7,7,7,7,7,7,7,7,"Bot,Jungle",Good camaraderie. Great teamwork initiative. Overall a pleasant gaming experience.,Cheers for this opportunity.
66,17,19,Gold IV,Male,Mid,5064108905,1,5.0,4.0,1.0,5.0,3.0,4.0,4.0,5.0,2.0,3.0,1.0,5.0,3.0,4.0,1.0,5.0,5.0,3.0,1.0,5.0,3.0,4.0,1.0,5.0,5.0,4.0,5.0,5.0,5.0,2.0,1.0,5.0,5.0,5.0,1.0,5.0,1.0,2.0,1.0,3.0,1.0,1.0,0.0,1.0,1.0,0.0,1.0,1.0,1.0,0.0,1.0,0.0,1.0,0.0,1.0,1.0,0.0,0.0,1.0,1.0,1.0,1.0,0.0,1.0,0.0,1.0,0.0,1.0,0.0,1.0,0.0,1.0,0.0,0.0,0.0,1.0,5,6,6,6,6,6,6,6,6,6,7,"Top,Bot,Jungle,Support","Top was a good player, jungle, bot and support were very communicative",Good luck with your research
67,17,23,Gold IV,,Bot,5064108905,1,,,,,,,,,,,,,,,,,,,,,,,,,,,,,,,,,,,,,,,,,,,,,,,,,,,,,,,,,,,,,,,,,,,,,,,,,,,,,6,7,6,7,7,7,7,7,7,7,7,"Mid,Top,Jungle,Support",They're really friendly and tried to capitalise on objectives when they could,
68,17,18,Gold III,Male,Top,5064108905,1,2.0,2.0,1.0,3.0,5.0,4.0,4.0,1.0,4.0,2.0,2.0,4.0,3.0,2.0,5.0,5.0,2.0,3.0,2.0,5.0,3.0,2.0,3.0,2.0,4.0,3.0,1.0,4.0,3.0,3.0,1.0,5.0,4.0,2.0,2.0,5.0,3.0,2.0,2.0,1.0,1.0,0.0,1.0,1.0,1.0,1.0,1.0,1.0,1.0,1.0,0.0,1.0,1.0,1.0,0.0,1.0,1.0,1.0,0.0,1.0,1.0,1.0,0.0,1.0,1.0,1.0,1.0,0.0,0.0,0.0,0.0,1.0,1.0,0.0,0.0,1.0,7,7,6,5,7,7,6,6,7,7,6,"Mid,Jungle,Support","They know what they're doing, good calls, fun people.",
69,17,20,Gold III,Male,Jung,5064108905,1,4.0,2.0,2.0,1.0,3.0,4.0,5.0,1.0,4.0,3.0,4.0,2.0,3.0,2.0,1.0,3.0,4.0,2.0,2.0,2.0,5.0,2.0,5.0,2.0,5.0,4.0,4.0,2.0,4.0,2.0,4.0,3.0,1.0,1.0,2.0,1.0,4.0,5.0,4.0,1.0,1.0,1.0,0.0,1.0,1.0,0.0,0.0,1.0,1.0,0.0,1.0,0.0,0.0,1.0,1.0,0.0,1.0,0.0,0.0,1.0,1.0,1.0,0.0,1.0,1.0,1.0,1.0,1.0,0.0,1.0,1.0,1.0,1.0,1.0,1.0,1.0,7,7,7,7,7,7,7,7,7,7,7,"Mid,Top,Bot,Jungle,Support",we stomped the enemy and had a positive outlook for the entire game,
70,17,19,Gold IV,Male,Support,5064108905,1,2.0,4.0,1.0,2.0,2.0,4.0,3.0,1.0,1.0,5.0,4.0,1.0,3.0,4.0,4.0,2.0,5.0,4.0,4.0,3.0,2.0,3.0,3.0,2.0,2.0,5.0,2.0,2.0,2.0,3.0,3.0,3.0,1.0,4.0,2.0,2.0,1.0,4.0,4.0,2.0,1.0,1.0,1.0,1.0,0.0,1.0,1.0,1.0,1.0,1.0,1.0,1.0,1.0,1.0,1.0,1.0,1.0,1.0,0.0,1.0,1.0,0.0,1.0,0.0,1.0,1.0,0.0,1.0,0.0,1.0,1.0,1.0,1.0,1.0,1.0,1.0,7,7,7,7,7,7,7,7,7,7,7,"Mid,Top,Bot,Jungle","They were very friendly, and also good at the game",
71,18,25,Gold IV,Male,Mid,3766748729,1,2.0,1.0,2.0,1.0,2.0,2.0,4.0,1.0,2.0,2.0,4.0,4.0,2.0,2.0,5.0,4.0,1.0,2.0,2.0,5.0,1.0,4.0,5.0,3.0,1.0,2.0,1.0,2.0,1.0,2.0,4.0,1.0,2.0,1.0,5.0,1.0,2.0,3.0,2.0,1.0,1.0,1.0,1.0,1.0,1.0,1.0,1.0,1.0,1.0,1.0,0.0,1.0,0.0,1.0,0.0,1.0,1.0,1.0,1.0,1.0,1.0,1.0,0.0,1.0,0.0,1.0,1.0,1.0,0.0,1.0,1.0,1.0,1.0,1.0,1.0,1.0,6,7,6,6,6,5,7,7,7,7,7,"Jungle,Support",2 of our original team members did not show. Selected the two who were available.,
72,18,23,Gold III,Male,Jung,3766748729,1,4.0,4.0,2.0,4.0,2.0,5.0,2.0,4.0,2.0,4.0,3.0,5.0,4.0,3.0,4.0,4.0,4.0,4.0,2.0,5.0,3.0,4.0,2.0,5.0,3.0,4.0,4.0,5.0,4.0,4.0,2.0,4.0,2.0,5.0,2.0,4.0,2.0,4.0,2.0,4.0,0.0,1.0,1.0,1.0,0.0,0.0,1.0,0.0,0.0,1.0,0.0,1.0,1.0,1.0,1.0,0.0,1.0,1.0,0.0,1.0,1.0,1.0,0.0,0.0,1.0,1.0,1.0,1.0,0.0,1.0,1.0,1.0,1.0,1.0,1.0,1.0,6,7,7,7,7,6,7,6,7,7,5,Mid,He was very calm and listened to decisions even if they were not correct. The other team member [Supp] had somewhat of a language barrier (pink ward vs. normal ward) and wasn't as decisive/communicative; this was probably due in part to the language difference.,Good luck on your paper! Let me know if there's anything else I could help with. Thanks!
73,18,29,Gold IV,Female,Support,3766748729,1,4.0,4.0,4.0,5.0,1.0,4.0,4.0,3.0,1.0,2.0,3.0,1.0,2.0,4.0,1.0,5.0,3.0,2.0,3.0,3.0,3.0,4.0,4.0,3.0,2.0,4.0,2.0,2.0,2.0,4.0,4.0,5.0,2.0,5.0,3.0,3.0,2.0,4.0,2.0,3.0,1.0,1.0,0.0,1.0,1.0,1.0,0.0,1.0,1.0,1.0,1.0,1.0,1.0,1.0,1.0,1.0,1.0,0.0,0.0,1.0,0.0,1.0,0.0,1.0,1.0,1.0,1.0,1.0,0.0,1.0,1.0,1.0,1.0,1.0,1.0,1.0,7,7,7,7,7,7,7,7,7,7,7,"Mid,Jungle","They were so nice, great players and great knowledge of macro game.",This was a really great experience <3
74,19,26,Gold IV,Male,Mid,3763755883,1,2.0,4.0,4.0,1.0,4.0,4.0,4.0,2.0,4.0,3.0,5.0,3.0,4.0,4.0,4.0,4.0,3.0,3.0,4.0,3.0,4.0,3.0,2.0,2.0,4.0,4.0,4.0,1.0,4.0,4.0,5.0,4.0,3.0,2.0,4.0,2.0,3.0,4.0,2.0,2.0,1.0,1.0,1.0,1.0,1.0,1.0,1.0,1.0,1.0,0.0,1.0,1.0,1.0,1.0,1.0,1.0,0.0,0.0,0.0,1.0,0.0,1.0,0.0,1.0,1.0,0.0,0.0,1.0,1.0,1.0,1.0,1.0,0.0,1.0,1.0,1.0,7,6,6,6,6,5,6,7,6,7,7,"Top,Jungle","I didn't get a good chance to interact much with them, and I think playing more would be a fantastic opprotunity","Top lane's mic cut out at some point, and we couldn't hear him most of the game. "
75,19,26,Gold IV,,Top,3763755883,1,,,,,,,,,,,,,,,,,,,,,,,,,,,,,,,,,,,,,,,,,,,,,,,,,,,,,,,,,,,,,,,,,,,,,,,,,,,,,6,7,4,7,7,7,6,6,7,7,7,"Mid,Jungle",Very positive attitude and proficient at their role,
76,19,18,Gold III,Attack helicopter(male),Jung,3763755883,1,3.0,5.0,5.0,5.0,5.0,3.0,5.0,1.0,4.0,4.0,2.0,4.0,4.0,4.0,3.0,2.0,3.0,3.0,5.0,4.0,5.0,3.0,5.0,3.0,5.0,3.0,2.0,5.0,4.0,3.0,4.0,5.0,4.0,5.0,4.0,4.0,4.0,2.0,4.0,1.0,1.0,1.0,1.0,1.0,0.0,1.0,1.0,1.0,1.0,1.0,0.0,1.0,0.0,1.0,1.0,1.0,1.0,1.0,1.0,1.0,1.0,1.0,1.0,1.0,0.0,1.0,1.0,1.0,0.0,0.0,1.0,1.0,1.0,1.0,1.0,1.0,6,7,7,6,7,6,6,7,7,7,6,"Mid,Top",Coordinated on plays pretty well.,
77,20,26,Platinum I,Male,Mid,3766678341,1,5.0,4.0,5.0,5.0,3.0,4.0,5.0,1.0,4.0,1.0,3.0,4.0,5.0,4.0,5.0,4.0,5.0,3.0,3.0,4.0,4.0,1.0,4.0,2.0,3.0,1.0,4.0,2.0,5.0,4.0,5.0,4.0,4.0,1.0,4.0,5.0,2.0,2.0,5.0,5.0,0.0,1.0,1.0,1.0,1.0,0.0,1.0,1.0,1.0,1.0,0.0,1.0,0.0,1.0,1.0,0.0,1.0,1.0,0.0,1.0,1.0,1.0,1.0,1.0,1.0,0.0,0.0,1.0,1.0,0.0,0.0,0.0,1.0,0.0,0.0,0.0,7,7,7,6,7,7,7,7,7,7,7,"Top,Jungle",They're nice and don't flame. There's a good sense of communication between the jungler and I. The top laner was enjoyable to play with as well.,No additional comments or feedback. This was fun. Thanks everyone!
78,20,25,Platinum IV,Male,Top,3766678341,1,2.0,3.0,4.0,4.0,2.0,5.0,2.0,1.0,2.0,2.0,2.0,4.0,3.0,3.0,1.0,2.0,1.0,2.0,3.0,4.0,2.0,3.0,2.0,2.0,2.0,3.0,1.0,4.0,3.0,3.0,2.0,2.0,1.0,4.0,5.0,2.0,2.0,5.0,1.0,2.0,1.0,1.0,1.0,1.0,0.0,1.0,0.0,1.0,0.0,1.0,0.0,0.0,1.0,1.0,1.0,1.0,0.0,1.0,0.0,1.0,1.0,1.0,0.0,1.0,1.0,1.0,1.0,1.0,0.0,1.0,1.0,1.0,1.0,1.0,1.0,1.0,6,6,6,6,6,4,6,6,6,6,6,"Mid,Jungle",worked well together and have a clear goal of controlling the game to win.,
79,20,20,Platinum II,Male,Jung,3766678341,1,3.0,4.0,3.0,2.0,5.0,4.0,3.0,1.0,1.0,1.0,2.0,2.0,2.0,4.0,2.0,2.0,2.0,2.0,3.0,4.0,4.0,2.0,2.0,4.0,2.0,1.0,1.0,3.0,2.0,3.0,1.0,2.0,4.0,2.0,2.0,4.0,2.0,2.0,4.0,2.0,0.0,0.0,1.0,1.0,1.0,1.0,1.0,1.0,0.0,1.0,0.0,1.0,1.0,1.0,1.0,0.0,1.0,1.0,0.0,1.0,1.0,1.0,0.0,1.0,0.0,1.0,0.0,1.0,0.0,1.0,1.0,1.0,1.0,0.0,0.0,1.0,6,6,6,6,6,4,6,6,6,6,7,"Mid,Top",Because they were nice and were about the same elo as I am. Hard to find nice people that don't tilt in rank.,Was nice to know new people!
80,21,19,Silver II,Male,Mid,3766782736,1,4.0,2.0,3.0,5.0,3.0,2.0,4.0,4.0,3.0,4.0,4.0,4.0,3.0,3.0,1.0,3.0,2.0,2.0,2.0,4.0,2.0,1.0,4.0,4.0,2.0,1.0,2.0,4.0,3.0,2.0,4.0,4.0,3.0,2.0,2.0,5.0,3.0,2.0,1.0,4.0,0.0,0.0,1.0,1.0,1.0,1.0,0.0,1.0,1.0,1.0,1.0,0.0,1.0,0.0,1.0,0.0,1.0,1.0,1.0,1.0,1.0,1.0,0.0,1.0,0.0,1.0,1.0,1.0,0.0,1.0,1.0,1.0,1.0,1.0,1.0,0.0,6,6,7,6,6,6,5,6,6,7,6,"Top,Jungle",They did well and worked as teammates together well,
81,21,19,Silver II,Male,Jung,3766782736,1,2.0,2.0,1.0,4.0,5.0,4.0,4.0,1.0,1.0,3.0,4.0,3.0,3.0,4.0,3.0,4.0,4.0,4.0,4.0,4.0,4.0,4.0,4.0,4.0,3.0,4.0,3.0,2.0,2.0,4.0,4.0,3.0,1.0,2.0,4.0,4.0,4.0,4.0,4.0,5.0,0.0,0.0,1.0,1.0,1.0,0.0,1.0,1.0,1.0,1.0,1.0,1.0,1.0,1.0,1.0,0.0,1.0,1.0,0.0,1.0,0.0,0.0,1.0,1.0,0.0,1.0,1.0,1.0,0.0,1.0,0.0,1.0,1.0,0.0,0.0,1.0,4,6,5,6,6,5,6,6,6,7,7,Top,They were pleasant to play with. Positive attitude and they were doing well the entire game.,
82,21,18,Silver IV,Male,Top,3766782736,1,2.0,4.0,4.0,4.0,3.0,4.0,3.0,2.0,4.0,4.0,2.0,3.0,3.0,3.0,2.0,5.0,2.0,2.0,3.0,3.0,2.0,2.0,3.0,3.0,1.0,2.0,2.0,4.0,2.0,4.0,3.0,3.0,2.0,4.0,4.0,4.0,2.0,4.0,3.0,5.0,1.0,1.0,1.0,0.0,1.0,1.0,0.0,1.0,1.0,0.0,0.0,1.0,0.0,1.0,1.0,1.0,1.0,1.0,1.0,0.0,1.0,1.0,0.0,1.0,1.0,1.0,1.0,1.0,0.0,1.0,1.0,1.0,1.0,0.0,1.0,1.0,5,7,6,7,6,6,6,7,7,4,4,Jungle,"Despite not getting their main role my jungler was communicative, ganked lanes to try and help and had good map awareness/map presence",
83,22,27,Silver III,Male,Mid,3776509221,1,2.0,3.0,2.0,5.0,5.0,3.0,5.0,3.0,4.0,4.0,3.0,4.0,5.0,3.0,4.0,5.0,3.0,2.0,3.0,4.0,5.0,2.0,5.0,4.0,4.0,3.0,2.0,2.0,4.0,2.0,4.0,4.0,3.0,2.0,2.0,4.0,4.0,2.0,3.0,4.0,1.0,0.0,1.0,1.0,0.0,1.0,1.0,1.0,1.0,0.0,1.0,1.0,1.0,1.0,1.0,0.0,0.0,1.0,1.0,1.0,1.0,1.0,0.0,1.0,1.0,0.0,1.0,1.0,1.0,1.0,0.0,1.0,1.0,0.0,1.0,0.0,5,7,6,6,6,6,5,6,6,7,6,"Top,Jungle","the top laner was clutch, and helped the team immensely, while the jungler made great objective calls","was fun! I'm no expert in this, but wonder about whether teams should play more than 1 game together. what if that game is a fluke? maybe we mesh well together, maybe we won the matchmaking coinflip.. just a thought. thank you for having me in the experiment!"
84,22,19,Silver II,Male,Bot,3776509221,1,2.0,2.0,1.0,4.0,5.0,4.0,4.0,1.0,1.0,3.0,4.0,3.0,3.0,4.0,3.0,4.0,4.0,4.0,4.0,4.0,4.0,4.0,4.0,4.0,3.0,4.0,3.0,2.0,2.0,4.0,4.0,3.0,1.0,2.0,4.0,4.0,4.0,4.0,4.0,5.0,0.0,0.0,1.0,1.0,1.0,0.0,1.0,1.0,1.0,1.0,1.0,1.0,1.0,1.0,1.0,0.0,1.0,1.0,0.0,1.0,0.0,0.0,1.0,1.0,0.0,1.0,1.0,1.0,0.0,1.0,0.0,1.0,1.0,0.0,0.0,1.0,7,7,7,7,7,7,7,7,7,7,7,"Mid,Top,Jungle,Support","Good communication, a strong commitment to being vocal and working together",
85,22,27,Silver III,Female,Top,3776509221,1,3.0,3.0,5.0,5.0,3.0,4.0,5.0,5.0,3.0,2.0,4.0,2.0,3.0,3.0,4.0,3.0,4.0,3.0,5.0,5.0,3.0,2.0,5.0,5.0,4.0,2.0,3.0,4.0,5.0,1.0,5.0,4.0,4.0,2.0,4.0,4.0,4.0,2.0,3.0,5.0,1.0,0.0,0.0,0.0,0.0,1.0,1.0,1.0,0.0,0.0,1.0,1.0,1.0,1.0,1.0,1.0,1.0,1.0,1.0,1.0,1.0,1.0,1.0,0.0,0.0,1.0,1.0,1.0,0.0,1.0,0.0,1.0,1.0,1.0,1.0,1.0,7,7,6,7,7,7,7,7,7,7,7,"Mid,Top,Support",They were really supportive even though I wasn't playing the best and had internet issues,
86,22,25,Silver III,Male,Jung,3776509221,1,4.0,2.0,2.0,4.0,4.0,3.0,5.0,1.0,2.0,4.0,4.0,4.0,5.0,1.0,4.0,5.0,4.0,3.0,3.0,3.0,5.0,1.0,5.0,5.0,5.0,2.0,2.0,2.0,4.0,3.0,5.0,3.0,5.0,1.0,2.0,3.0,4.0,3.0,2.0,3.0,1.0,0.0,1.0,1.0,1.0,1.0,1.0,1.0,1.0,1.0,1.0,1.0,1.0,1.0,1.0,0.0,0.0,1.0,1.0,1.0,1.0,1.0,0.0,1.0,1.0,0.0,1.0,1.0,1.0,1.0,1.0,1.0,1.0,1.0,1.0,1.0,7,6,6,6,6,6,7,1,7,7,6,"Mid,Top,Bot,Jungle,Support",All were great and very communicative,
87,22,23,Silver III,Male,Support,3776509221,1,2.0,4.0,2.0,4.0,4.0,3.0,2.0,2.0,2.0,2.0,3.0,2.0,3.0,4.0,2.0,2.0,3.0,4.0,2.0,4.0,4.0,4.0,2.0,2.0,4.0,3.0,2.0,2.0,4.0,3.0,4.0,2.0,4.0,4.0,2.0,2.0,3.0,4.0,3.0,4.0,1.0,1.0,1.0,0.0,0.0,0.0,0.0,1.0,1.0,0.0,0.0,1.0,1.0,1.0,0.0,0.0,1.0,1.0,1.0,1.0,1.0,1.0,0.0,1.0,0.0,0.0,1.0,1.0,0.0,1.0,1.0,1.0,0.0,1.0,1.0,0.0,6,6,6,7,6,6,7,7,7,7,7,"Mid,Top,Bot,Jungle","Enjoyable game, good communication! ",Good times with league!
88,23,26,Silver III,Male,Jung,3771115656,0,4.0,2.0,1.0,5.0,2.0,4.0,4.0,4.0,2.0,3.0,1.0,5.0,3.0,3.0,2.0,5.0,3.0,2.0,1.0,5.0,3.0,4.0,4.0,5.0,3.0,3.0,1.0,3.0,3.0,3.0,3.0,3.0,3.0,1.0,2.0,5.0,5.0,4.0,1.0,5.0,1.0,1.0,1.0,1.0,0.0,0.0,1.0,1.0,1.0,1.0,1.0,1.0,1.0,1.0,1.0,1.0,1.0,1.0,1.0,1.0,1.0,1.0,1.0,1.0,0.0,1.0,1.0,1.0,1.0,1.0,1.0,1.0,1.0,0.0,1.0,1.0,7,6,6,6,6,7,7,6,7,6,7,"Mid,Top","They were both laid back and easy to get along with, even when in the heat of the moment in team fights we were able to identify the priority targets and go from there instead of everyone doing their own thing.",
89,23,18,Silver II,Male,Top,3771115656,0,2.0,4.0,1.0,2.0,1.0,5.0,5.0,1.0,1.0,2.0,3.0,2.0,3.0,2.0,3.0,5.0,2.0,2.0,2.0,5.0,4.0,1.0,5.0,3.0,1.0,1.0,2.0,2.0,2.0,2.0,4.0,4.0,3.0,2.0,2.0,2.0,1.0,5.0,1.0,2.0,1.0,1.0,1.0,1.0,1.0,0.0,1.0,1.0,1.0,1.0,1.0,1.0,1.0,1.0,1.0,1.0,1.0,1.0,1.0,1.0,1.0,1.0,1.0,1.0,1.0,1.0,1.0,1.0,1.0,1.0,1.0,1.0,1.0,1.0,0.0,1.0,7,7,7,7,6,7,6,7,7,7,7,"Mid,Jungle","Our coordination and synergy was great, and I think if we had a carry between the three of us we would've been able to perform much better. The midgame coordination around the topside is exactly what I'd want from a mid/jg as a toplaner, we just had a bad teamfight comp",
90,23,25,Silver IV,male,Mid,3771115656,0,5.0,4.0,4.0,5.0,4.0,3.0,4.0,4.0,4.0,2.0,3.0,2.0,5.0,3.0,2.0,3.0,5.0,3.0,4.0,4.0,4.0,1.0,2.0,4.0,4.0,3.0,2.0,3.0,5.0,3.0,3.0,3.0,4.0,4.0,1.0,5.0,2.0,3.0,1.0,4.0,0.0,0.0,0.0,1.0,0.0,0.0,1.0,1.0,1.0,1.0,0.0,1.0,1.0,0.0,1.0,0.0,0.0,1.0,0.0,1.0,1.0,1.0,1.0,1.0,0.0,1.0,1.0,1.0,0.0,1.0,1.0,1.0,1.0,0.0,0.0,1.0,6,7,7,7,6,7,6,7,6,6,7,"Top,Jungle",It was pretty much just like any other game between friends. We're trying to win without worrying to much if things go wrong,I'd be up for going another round with a proper full team of five if it'd be allowed
91,24,20,Platinum IV,Male,Top,3780974016,1,2.0,4.0,5.0,2.0,3.0,2.0,2.0,1.0,2.0,2.0,3.0,1.0,4.0,2.0,4.0,4.0,1.0,2.0,4.0,4.0,4.0,2.0,4.0,2.0,4.0,3.0,3.0,5.0,4.0,2.0,5.0,4.0,4.0,1.0,4.0,4.0,3.0,1.0,3.0,1.0,1.0,0.0,1.0,1.0,1.0,1.0,1.0,1.0,1.0,1.0,1.0,1.0,1.0,1.0,0.0,0.0,1.0,1.0,1.0,1.0,1.0,1.0,1.0,0.0,0.0,1.0,1.0,1.0,0.0,1.0,1.0,1.0,1.0,1.0,0.0,1.0,6,6,6,6,6,6,6,6,7,7,5,Jungle,"I generally like junglers who focuses on objectives so I wouldn't mind playing with them again. The mid laner was pretty chill but because they were fighting a lot, it didn't really fit with my split pushing playstyle at all but they weren't bad. ",Overall it was pretty chill and relaxing.
92,24,22,Platinum IV,Male,Jung,3780974016,1,5.0,4.0,2.0,3.0,5.0,5.0,5.0,5.0,2.0,5.0,4.0,3.0,2.0,5.0,4.0,5.0,5.0,5.0,1.0,2.0,5.0,2.0,4.0,5.0,5.0,5.0,3.0,2.0,5.0,5.0,5.0,4.0,5.0,2.0,3.0,3.0,2.0,5.0,5.0,5.0,1.0,1.0,1.0,1.0,1.0,1.0,0.0,1.0,1.0,0.0,1.0,1.0,1.0,1.0,0.0,0.0,1.0,0.0,1.0,1.0,1.0,1.0,1.0,1.0,1.0,1.0,1.0,0.0,1.0,0.0,0.0,1.0,1.0,0.0,1.0,1.0,7,7,7,7,7,6,7,7,7,7,7,"Mid,Top","They did their roles well, didn't seem terribly toxic, and actually rotated for skuttle fight. <3","Overall was fun, kinda wish we had a 5 man instead of a 3 man though. GGWP"
93,24,22,Platinum II,Male,Mid,3780974016,1,4.0,4.0,4.0,3.0,3.0,4.0,5.0,4.0,2.0,1.0,3.0,2.0,5.0,3.0,4.0,5.0,4.0,2.0,5.0,2.0,4.0,2.0,4.0,2.0,5.0,5.0,3.0,5.0,5.0,1.0,4.0,5.0,3.0,1.0,4.0,3.0,4.0,1.0,4.0,5.0,0.0,0.0,1.0,1.0,1.0,1.0,0.0,1.0,1.0,1.0,1.0,1.0,1.0,1.0,1.0,1.0,1.0,1.0,1.0,1.0,1.0,1.0,0.0,1.0,1.0,1.0,0.0,1.0,0.0,0.0,1.0,1.0,1.0,1.0,0.0,1.0,7,6,6,5,6,6,6,6,6,6,5,Jungle,"I enjoyed playing with the jungler a lot, he seemed to be a friendly guy and communicated well. He was willing to answer all my questions and remained optimistic for the whole match. I liked the fact he admitted to his mistakes and knew what to do for the future.",It was a fun experience I liked my jungler my top not so much
94,25,27,Silver IV,Male,Mid,3787986226,1,5.0,4.0,2.0,5.0,3.0,3.0,2.0,5.0,3.0,3.0,3.0,2.0,5.0,5.0,3.0,5.0,4.0,3.0,1.0,5.0,3.0,2.0,1.0,4.0,4.0,4.0,2.0,4.0,4.0,4.0,3.0,5.0,5.0,4.0,2.0,4.0,4.0,3.0,2.0,5.0,1.0,0.0,1.0,0.0,0.0,1.0,1.0,1.0,1.0,0.0,1.0,1.0,1.0,1.0,1.0,1.0,0.0,1.0,1.0,1.0,1.0,1.0,0.0,1.0,0.0,1.0,1.0,0.0,1.0,1.0,1.0,1.0,1.0,1.0,0.0,1.0,7,4,6,6,7,6,7,7,7,7,6,"Top,Jungle","They were fun guys to talk to while playing, but they were very unified and focused on the end goal.","It was a fun experience, and I would be thankful to play again."
95,25,19,Silver III,Male,Top,3787986226,1,4.0,3.0,4.0,5.0,3.0,4.0,4.0,4.0,5.0,3.0,3.0,3.0,5.0,3.0,4.0,5.0,4.0,2.0,4.0,4.0,4.0,3.0,4.0,4.0,4.0,3.0,3.0,4.0,4.0,4.0,3.0,4.0,2.0,3.0,3.0,4.0,4.0,3.0,3.0,5.0,1.0,0.0,1.0,1.0,0.0,1.0,1.0,1.0,1.0,1.0,0.0,1.0,1.0,0.0,1.0,0.0,1.0,1.0,1.0,1.0,1.0,1.0,0.0,1.0,0.0,0.0,1.0,1.0,0.0,1.0,1.0,1.0,1.0,1.0,1.0,1.0,7,7,7,6,6,6,7,7,7,7,7,"Mid,Jungle","They communicated well and weren't freaking out when they died. Overall they were calm, collected, and overall nice people.",
96,25,22,Silver I,Male,Jung,3787986226,1,2.0,5.0,3.0,5.0,3.0,5.0,4.0,5.0,2.0,3.0,2.0,4.0,1.0,5.0,1.0,4.0,1.0,5.0,1.0,5.0,2.0,5.0,1.0,5.0,2.0,3.0,1.0,5.0,2.0,4.0,2.0,5.0,1.0,5.0,1.0,5.0,3.0,4.0,2.0,5.0,1.0,1.0,1.0,0.0,1.0,1.0,1.0,1.0,1.0,0.0,1.0,0.0,1.0,1.0,1.0,1.0,1.0,0.0,1.0,1.0,1.0,1.0,1.0,1.0,0.0,1.0,0.0,1.0,0.0,0.0,1.0,1.0,0.0,0.0,0.0,1.0,7,7,7,7,7,4,7,7,7,7,7,"Mid,Top",They knew their role and didnt expect me to carry them. they didnt whine and just focused.,this was fun thanks for letting me play
97,26,24,Platinum II,Male,Mid,5078292916,0,5.0,5.0,2.0,3.0,2.0,4.0,3.0,5.0,3.0,3.0,3.0,2.0,5.0,5.0,2.0,3.0,3.0,4.0,3.0,4.0,4.0,4.0,1.0,4.0,4.0,4.0,2.0,2.0,5.0,5.0,2.0,4.0,3.0,5.0,1.0,5.0,1.0,4.0,1.0,5.0,0.0,1.0,0.0,1.0,1.0,1.0,1.0,1.0,1.0,1.0,0.0,0.0,0.0,1.0,1.0,0.0,1.0,1.0,1.0,1.0,1.0,1.0,0.0,0.0,0.0,0.0,1.0,1.0,0.0,1.0,1.0,1.0,1.0,1.0,1.0,1.0,6,6,5,7,6,7,6,5,6,5,7,"Top,Jungle",They seemed to be very nice and not tilting.,GG WP
98,26,18,Platinum III,Male,Jung,5078292916,0,5.0,5.0,2.0,2.0,3.0,4.0,2.0,4.0,4.0,3.0,2.0,3.0,4.0,4.0,2.0,3.0,4.0,4.0,3.0,4.0,4.0,4.0,1.0,4.0,4.0,4.0,1.0,3.0,5.0,4.0,4.0,3.0,4.0,5.0,2.0,4.0,3.0,4.0,2.0,4.0,1.0,1.0,1.0,1.0,1.0,1.0,0.0,1.0,1.0,1.0,0.0,0.0,0.0,1.0,1.0,1.0,0.0,1.0,0.0,1.0,1.0,1.0,0.0,1.0,1.0,1.0,0.0,1.0,0.0,1.0,1.0,0.0,0.0,1.0,1.0,1.0,5,6,6,6,6,6,5,6,7,6,6,"Mid,Top",They were very encouraging and we jelled well together seeming to want to do the same things and apologising for mistake and not flaming others for theirs,
99,26,23,Platinum IV,Male,Top,5078292916,0,2.0,2.0,2.0,2.0,2.0,5.0,5.0,1.0,3.0,5.0,4.0,3.0,5.0,3.0,4.0,4.0,4.0,3.0,2.0,5.0,4.0,4.0,4.0,5.0,2.0,4.0,3.0,3.0,4.0,2.0,5.0,4.0,2.0,2.0,3.0,5.0,4.0,4.0,2.0,2.0,1.0,1.0,1.0,1.0,0.0,0.0,0.0,1.0,1.0,1.0,1.0,1.0,1.0,1.0,1.0,0.0,1.0,1.0,1.0,1.0,1.0,1.0,1.0,0.0,1.0,1.0,1.0,1.0,0.0,1.0,1.0,1.0,1.0,1.0,1.0,1.0,5,6,5,5,7,5,6,6,5,6,6,Jungle,"He was a good jungler, played well and communicated well too",
100,27,24,Silver III,Male,Jung,5086627673,1,3.0,3.0,2.0,2.0,3.0,3.0,4.0,1.0,2.0,4.0,4.0,3.0,2.0,1.0,4.0,2.0,2.0,3.0,2.0,4.0,4.0,3.0,3.0,2.0,4.0,3.0,4.0,2.0,4.0,2.0,3.0,4.0,2.0,1.0,2.0,3.0,4.0,2.0,2.0,2.0,1.0,1.0,1.0,0.0,1.0,1.0,1.0,1.0,0.0,0.0,0.0,1.0,1.0,0.0,1.0,1.0,1.0,1.0,1.0,1.0,1.0,1.0,1.0,0.0,0.0,0.0,1.0,1.0,0.0,1.0,1.0,1.0,1.0,0.0,1.0,1.0,6,6,6,6,6,4,6,5,6,6,7,Top,he was more open to item change upon suggestion and he set up good plays fitting to his champion,gg
101,27,25,Silver III,Male,Top,5086627673,1,4.0,5.0,2.0,4.0,1.0,5.0,5.0,5.0,2.0,3.0,3.0,3.0,4.0,4.0,1.0,3.0,2.0,1.0,3.0,5.0,3.0,5.0,5.0,3.0,4.0,3.0,2.0,3.0,5.0,3.0,3.0,4.0,1.0,5.0,3.0,5.0,3.0,3.0,3.0,5.0,1.0,1.0,1.0,1.0,0.0,1.0,1.0,1.0,0.0,1.0,1.0,1.0,0.0,1.0,1.0,1.0,0.0,1.0,0.0,0.0,1.0,1.0,0.0,1.0,1.0,0.0,0.0,1.0,0.0,0.0,1.0,1.0,1.0,1.0,0.0,1.0,7,7,7,6,7,7,7,7,7,7,7,"Mid,Jungle",Mostly 3 reasons; 1- they knew how to play around objectives; 2- overall nice comunnications skills; 3- didn't happen we lose but i guess they would now how to play safe,
102,27,30,Silver III,Male,Mid,5086627673,1,4.0,2.0,3.0,3.0,3.0,4.0,4.0,1.0,2.0,4.0,3.0,2.0,3.0,3.0,4.0,4.0,3.0,3.0,4.0,2.0,4.0,3.0,4.0,4.0,4.0,4.0,3.0,2.0,3.0,3.0,4.0,2.0,2.0,2.0,2.0,4.0,2.0,3.0,3.0,2.0,0.0,1.0,1.0,1.0,1.0,0.0,1.0,1.0,1.0,0.0,1.0,0.0,0.0,1.0,1.0,1.0,1.0,1.0,1.0,1.0,1.0,1.0,1.0,1.0,1.0,1.0,1.0,1.0,1.0,1.0,1.0,1.0,0.0,1.0,0.0,1.0,7,7,7,6,7,4,7,7,7,7,7,"Top,Jungle","There was good synergy, we seemed to be on the same page about what the next objective was, there was clear, uncluttered communication about ult timers and objectives, there was no flaming and a pleasant spirit",
103,28,25,Silver IV,Female,Support,5087598225,1,4.0,4.0,5.0,5.0,4.0,2.0,5.0,1.0,5.0,5.0,4.0,5.0,5.0,4.0,5.0,5.0,4.0,2.0,4.0,4.0,4.0,1.0,5.0,4.0,5.0,4.0,4.0,5.0,5.0,4.0,5.0,5.0,2.0,2.0,4.0,2.0,5.0,2.0,4.0,5.0,1.0,1.0,1.0,0.0,0.0,1.0,0.0,1.0,1.0,0.0,1.0,1.0,1.0,1.0,0.0,1.0,0.0,1.0,0.0,1.0,1.0,1.0,0.0,0.0,1.0,1.0,1.0,1.0,0.0,1.0,1.0,1.0,0.0,1.0,1.0,1.0,7,6,7,7,7,6,6,6,6,6,7,"Mid,Top,Bot,Jungle,Support","All my team mates were very friendly, easy going, and easy to talk to! I'd be happy to play with any of them again. ",
104,28,18,Silver II,Male,Bot,5087598225,1,2.0,2.0,2.0,4.0,2.0,4.0,5.0,4.0,2.0,4.0,1.0,4.0,2.0,2.0,1.0,4.0,2.0,2.0,4.0,2.0,4.0,4.0,4.0,4.0,4.0,2.0,1.0,4.0,1.0,4.0,2.0,4.0,2.0,2.0,4.0,4.0,2.0,4.0,2.0,5.0,1.0,1.0,0.0,1.0,1.0,1.0,1.0,1.0,1.0,0.0,1.0,1.0,1.0,1.0,1.0,1.0,1.0,1.0,0.0,0.0,1.0,1.0,0.0,0.0,0.0,1.0,1.0,1.0,1.0,1.0,0.0,1.0,1.0,1.0,1.0,1.0,7,7,6,7,7,6,6,7,6,7,7,"Mid,Top,Bot,Jungle,Support",everyone hard carried and they all seem like nice people,hard stomp so the team wasn't really challenged but we all did well to get ahead early
105,28,28,Silver II,Male,Top,5087598225,1,4.0,4.0,1.0,2.0,5.0,4.0,2.0,1.0,2.0,5.0,2.0,4.0,4.0,4.0,2.0,3.0,4.0,4.0,3.0,3.0,5.0,4.0,1.0,2.0,4.0,4.0,1.0,4.0,5.0,3.0,3.0,2.0,5.0,2.0,1.0,4.0,4.0,4.0,2.0,2.0,1.0,1.0,1.0,1.0,0.0,1.0,0.0,1.0,1.0,1.0,1.0,1.0,0.0,1.0,0.0,0.0,0.0,1.0,1.0,1.0,1.0,1.0,1.0,1.0,0.0,1.0,0.0,1.0,1.0,1.0,1.0,1.0,0.0,0.0,1.0,1.0,7,7,7,7,7,7,7,6,7,6,7,"Mid,Bot,Jungle,Support","Overall, the team were polite, vocal and positive. They also played their roles well. ",
106,28,19,Silver III,Male,Jungle,5087598225,1,3.0,4.0,4.0,3.0,4.0,4.0,4.0,1.0,1.0,2.0,2.0,3.0,3.0,2.0,1.0,5.0,3.0,4.0,5.0,4.0,2.0,2.0,4.0,1.0,3.0,2.0,2.0,4.0,4.0,2.0,4.0,5.0,2.0,1.0,4.0,5.0,2.0,2.0,2.0,1.0,0.0,1.0,1.0,1.0,1.0,1.0,0.0,1.0,1.0,1.0,1.0,1.0,0.0,1.0,0.0,1.0,1.0,1.0,1.0,1.0,1.0,1.0,1.0,1.0,1.0,0.0,1.0,1.0,0.0,1.0,1.0,1.0,1.0,1.0,1.0,1.0,7,7,6,6,6,7,7,7,7,6,7,"Mid,Top,Bot,Jungle,Support",They worked together verry good and we listened to eachother and worked like a real team and play more often i bet if we would keep playing as this team we could hit platinum!,ofcourse if we had known eachother for longer and knew eachother we could play way better but i found this team verry good playing !
107,28,26,Gold III,Male,Mid,5087598225,1,5.0,4.0,4.0,5.0,2.0,2.0,5.0,3.0,2.0,2.0,4.0,3.0,5.0,2.0,2.0,4.0,4.0,1.0,2.0,2.0,4.0,1.0,4.0,3.0,4.0,2.0,2.0,1.0,5.0,1.0,5.0,2.0,2.0,2.0,4.0,4.0,4.0,2.0,2.0,2.0,1.0,0.0,0.0,1.0,0.0,0.0,0.0,0.0,1.0,1.0,1.0,1.0,1.0,0.0,1.0,0.0,0.0,1.0,1.0,1.0,1.0,1.0,1.0,1.0,0.0,1.0,0.0,1.0,0.0,1.0,1.0,1.0,0.0,0.0,0.0,1.0,6,7,6,5,7,6,6,7,6,7,7,"Top,Jungle","I usually play alone, so having some company is really nice.",
108,29,28,Gold 1,Male,Bot,5083511692,1,2.0,4.0,2.0,4.0,2.0,4.0,4.0,1.0,1.0,4.0,4.0,3.0,2.0,2.0,2.0,4.0,2.0,2.0,2.0,4.0,4.0,4.0,4.0,2.0,3.0,2.0,2.0,4.0,4.0,2.0,4.0,4.0,2.0,4.0,2.0,4.0,2.0,5.0,3.0,5.0,0.0,0.0,1.0,1.0,0.0,0.0,1.0,1.0,1.0,1.0,1.0,1.0,0.0,1.0,0.0,1.0,0.0,1.0,0.0,1.0,1.0,1.0,1.0,1.0,0.0,1.0,1.0,0.0,0.0,1.0,1.0,0.0,1.0,0.0,1.0,1.0,6,7,7,6,7,6,6,7,7,7,6,"Jungle,Support","would play with both of them again, atmosphere was decent despite long queue times ( 8 mins) ",
109,29,29,Gold II,Male,Jung,5083511692,1,4.0,5.0,1.0,3.0,4.0,5.0,1.0,3.0,4.0,4.0,1.0,2.0,4.0,5.0,3.0,3.0,5.0,4.0,2.0,3.0,3.0,3.0,3.0,3.0,4.0,4.0,1.0,4.0,3.0,3.0,3.0,3.0,3.0,5.0,1.0,3.0,4.0,4.0,3.0,3.0,1.0,1.0,1.0,1.0,0.0,0.0,0.0,1.0,1.0,1.0,0.0,0.0,1.0,0.0,1.0,1.0,0.0,1.0,0.0,1.0,1.0,1.0,0.0,1.0,1.0,0.0,1.0,1.0,1.0,0.0,1.0,1.0,1.0,0.0,0.0,1.0,7,6,7,6,6,6,6,7,6,6,7,"Bot,Support",They were fun to play with and had a good sense of the game.,
110,29,26,Platinum III,Male,Support,5083511692,1,2.0,3.0,1.0,4.0,1.0,3.0,2.0,3.0,3.0,2.0,4.0,2.0,2.0,2.0,2.0,5.0,3.0,4.0,2.0,3.0,2.0,3.0,4.0,3.0,2.0,3.0,2.0,5.0,2.0,2.0,2.0,4.0,2.0,2.0,3.0,3.0,2.0,3.0,2.0,1.0,1.0,1.0,1.0,1.0,0.0,0.0,0.0,1.0,0.0,0.0,1.0,1.0,1.0,1.0,0.0,1.0,0.0,1.0,1.0,1.0,1.0,1.0,1.0,1.0,1.0,0.0,0.0,1.0,0.0,1.0,1.0,1.0,0.0,0.0,1.0,1.0,5,7,6,7,6,6,6,6,6,6,6,"Bot,Jungle","Fun to play with, talkative, if it was for a amateur scene setting we wouldve to see how work ethics harmonize and if the goals truly align",
111,30,26,Gold III,,Bot,5081662791,1,,,,,,,,,,,,,,,,,,,,,,,,,,,,,,,,,,,,,,,,,,,,,,,,,,,,,,,,,,,,,,,,,,,,,,,,,,,,,7,7,6,7,7,6,6,7,7,7,7,"Jungle,Support","Good communications alongside decent coversation, knowing when to switch to ",
112,30,20,Gold III,Male,Jung,5081662791,1,2.0,5.0,1.0,2.0,3.0,5.0,1.0,5.0,1.0,3.0,3.0,3.0,4.0,5.0,3.0,3.0,2.0,3.0,2.0,5.0,2.0,4.0,2.0,4.0,2.0,4.0,1.0,5.0,5.0,5.0,2.0,4.0,2.0,5.0,2.0,5.0,1.0,3.0,5.0,5.0,1.0,1.0,1.0,0.0,1.0,1.0,0.0,0.0,1.0,0.0,0.0,1.0,1.0,1.0,0.0,0.0,0.0,1.0,0.0,1.0,0.0,1.0,0.0,1.0,1.0,1.0,1.0,1.0,0.0,1.0,1.0,0.0,1.0,0.0,0.0,1.0,7,7,7,7,7,7,7,7,7,7,7,"Bot,Support","nice people, very supportive, easy to talk to.",
113,30,20,Gold III,Male,Support,5081662791,1,4.0,3.0,4.0,1.0,4.0,5.0,5.0,3.0,2.0,5.0,2.0,2.0,1.0,2.0,1.0,5.0,4.0,3.0,1.0,5.0,4.0,2.0,5.0,5.0,2.0,3.0,2.0,5.0,4.0,3.0,2.0,4.0,4.0,2.0,2.0,5.0,1.0,4.0,4.0,5.0,0.0,1.0,1.0,1.0,0.0,1.0,1.0,0.0,1.0,1.0,1.0,1.0,0.0,1.0,0.0,0.0,1.0,1.0,1.0,1.0,1.0,1.0,1.0,1.0,1.0,0.0,1.0,1.0,0.0,1.0,1.0,1.0,1.0,1.0,0.0,1.0,7,7,7,6,6,7,7,7,7,7,7,"Bot,Jungle","First of all, I was support, our bot was skilled, with good knowledge about the game. Didn't feel like one of us decided the calls, we always discussed them. And our mains had good symmetry. Generally, both a really chill bunch, and looking at league from the more fun aspect. I dont want to play league with people that take it too serious. So enjoyed this experience very much.","Really fun arrangement, and hope you got some useful data from this, really looking forward to the end product. :)"
114,31,21,Gold III,Male,Mid,5076790743,1,4.0,5.0,3.0,3.0,1.0,2.0,2.0,5.0,2.0,4.0,3.0,2.0,3.0,5.0,5.0,3.0,3.0,4.0,2.0,3.0,3.0,4.0,4.0,3.0,4.0,3.0,4.0,2.0,4.0,4.0,2.0,2.0,1.0,1.0,3.0,3.0,2.0,3.0,4.0,3.0,0.0,0.0,0.0,1.0,0.0,1.0,0.0,0.0,1.0,1.0,1.0,1.0,1.0,1.0,1.0,1.0,1.0,1.0,0.0,0.0,1.0,1.0,0.0,1.0,0.0,1.0,1.0,1.0,0.0,0.0,1.0,1.0,1.0,0.0,0.0,1.0,6,6,7,4,7,7,7,6,6,7,7,"Top,Bot,Jungle,Support","1, of course, really nice team that focus on objectives and they did not tilt with teammates!",
115,31,28,Gold IV,Male,Bot,5076790743,1,3.0,4.0,5.0,2.0,4.0,4.0,3.0,2.0,4.0,4.0,4.0,3.0,5.0,3.0,2.0,4.0,2.0,5.0,4.0,3.0,4.0,3.0,3.0,5.0,4.0,3.0,2.0,4.0,3.0,3.0,4.0,2.0,2.0,2.0,4.0,3.0,5.0,4.0,2.0,3.0,0.0,1.0,0.0,1.0,0.0,0.0,1.0,1.0,1.0,1.0,1.0,1.0,1.0,1.0,1.0,1.0,1.0,1.0,1.0,1.0,1.0,1.0,1.0,1.0,1.0,1.0,1.0,1.0,1.0,0.0,1.0,1.0,1.0,1.0,1.0,1.0,7,7,7,7,7,6,7,7,6,7,7,"Mid,Top,Jungle,Support",Because they were kind and helped me when I needed.,The experiment was very interesting and would love to do it again
116,31,21,Gold II,Male,Jung,5076790743,1,5.0,5.0,2.0,2.0,2.0,1.0,5.0,5.0,1.0,1.0,5.0,5.0,5.0,5.0,5.0,5.0,5.0,5.0,3.0,5.0,4.0,2.0,5.0,2.0,5.0,5.0,1.0,5.0,5.0,3.0,5.0,5.0,2.0,2.0,4.0,5.0,4.0,2.0,4.0,5.0,0.0,0.0,0.0,1.0,1.0,0.0,0.0,0.0,1.0,1.0,0.0,1.0,1.0,1.0,1.0,1.0,1.0,1.0,0.0,1.0,1.0,0.0,1.0,1.0,1.0,0.0,1.0,0.0,0.0,0.0,0.0,1.0,1.0,1.0,1.0,0.0,7,7,7,7,7,7,7,7,7,7,7,"Mid,Top,Bot,Jungle,Support",They all seem like really lovely people :) chill relaxed and they also play to win!,Send me the study when its done please! Thank you :)
117,31,24,Gold IV,Female,Support,5076790743,1,2.0,5.0,4.0,2.0,5.0,4.0,5.0,2.0,1.0,2.0,2.0,2.0,3.0,4.0,2.0,2.0,2.0,4.0,2.0,2.0,4.0,4.0,4.0,4.0,3.0,2.0,1.0,1.0,2.0,4.0,4.0,1.0,2.0,3.0,4.0,3.0,2.0,5.0,4.0,5.0,1.0,1.0,1.0,1.0,1.0,1.0,1.0,1.0,0.0,1.0,1.0,1.0,1.0,1.0,1.0,0.0,1.0,1.0,0.0,0.0,1.0,0.0,1.0,1.0,0.0,1.0,1.0,1.0,0.0,1.0,1.0,1.0,1.0,1.0,0.0,0.0,7,7,7,7,7,7,7,7,7,7,6,"Mid,Top,Bot,Jungle","Honestly I just play League for fun, they were really fun and I enjoyed my match with them :)",
118,31,21,Silver I,Male,Top,5076790743,1,4.0,4.0,1.0,5.0,4.0,2.0,2.0,5.0,2.0,4.0,1.0,4.0,4.0,4.0,5.0,4.0,4.0,4.0,2.0,2.0,4.0,1.0,2.0,4.0,4.0,1.0,1.0,5.0,4.0,2.0,1.0,4.0,4.0,2.0,2.0,4.0,2.0,4.0,2.0,3.0,1.0,1.0,1.0,1.0,1.0,1.0,1.0,1.0,1.0,0.0,1.0,0.0,0.0,1.0,1.0,1.0,0.0,1.0,1.0,1.0,1.0,1.0,0.0,1.0,0.0,0.0,1.0,1.0,1.0,1.0,1.0,1.0,1.0,1.0,1.0,1.0,6,6,6,6,6,5,6,6,6,5,7,"Mid,Bot,Jungle,Support",Everyone seemed very relaxed and fun to play with. The game went pretty smoothly but it was over fast so we didn't get much time to talk.,
119,32,21,Silver III,Female,Bot,5108557177,1,4.0,2.0,2.0,4.0,4.0,4.0,4.0,4.0,1.0,2.0,2.0,4.0,5.0,2.0,4.0,5.0,2.0,2.0,2.0,5.0,4.0,2.0,5.0,4.0,2.0,2.0,2.0,5.0,4.0,2.0,4.0,4.0,3.0,2.0,2.0,4.0,2.0,4.0,2.0,4.0,1.0,0.0,1.0,1.0,0.0,1.0,1.0,1.0,1.0,0.0,1.0,1.0,1.0,1.0,1.0,1.0,1.0,1.0,1.0,1.0,1.0,1.0,1.0,1.0,0.0,0.0,1.0,0.0,0.0,1.0,1.0,1.0,1.0,1.0,1.0,1.0,6,6,7,7,7,6,6,7,7,7,7,"Mid,Top,Bot,Jungle,Support","Good humour, good communication and good people",
120,32,19,Silver III,Male,Top,5108557177,1,4.0,2.0,2.0,5.0,1.0,4.0,4.0,5.0,2.0,2.0,4.0,3.0,4.0,2.0,3.0,4.0,2.0,3.0,3.0,4.0,2.0,2.0,5.0,4.0,2.0,1.0,3.0,4.0,4.0,2.0,4.0,4.0,2.0,2.0,2.0,5.0,2.0,2.0,4.0,5.0,1.0,1.0,1.0,1.0,1.0,1.0,0.0,1.0,1.0,0.0,1.0,1.0,1.0,1.0,0.0,0.0,0.0,1.0,1.0,0.0,1.0,1.0,1.0,1.0,0.0,1.0,1.0,1.0,0.0,1.0,1.0,1.0,1.0,1.0,1.0,1.0,5,7,4,7,7,7,7,7,7,7,7,"Mid,Bot,Jungle,Support","The game was very fun as a whole. We didn't always share the same task priority, but it expressed itself in a joking manner (such as ""guys there's a ward, kill the ward"" ""But there's an Ornn, I want to kill the Ornn""). it felt fun to play together and laugh about greeding for towers, kills, and going for random plays that ended up working out pretty well. I'd honestly play together with any of them again, but Jungle and Support were especially fun",these games is why league is enjoyable
121,32,20,Silver IV,Male,Jung,5108557177,1,5.0,2.0,1.0,5.0,5.0,5.0,5.0,1.0,4.0,3.0,4.0,5.0,5.0,3.0,5.0,4.0,5.0,4.0,1.0,5.0,5.0,3.0,1.0,4.0,5.0,4.0,4.0,4.0,1.0,4.0,2.0,5.0,5.0,2.0,1.0,5.0,1.0,5.0,3.0,2.0,0.0,1.0,1.0,1.0,1.0,0.0,1.0,1.0,1.0,1.0,1.0,1.0,0.0,1.0,1.0,1.0,1.0,1.0,1.0,1.0,1.0,1.0,1.0,1.0,1.0,1.0,1.0,1.0,0.0,1.0,1.0,1.0,1.0,1.0,1.0,1.0,7,7,7,6,7,7,7,7,7,7,7,"Mid,Top,Bot,Jungle,Support",They were positive and took setbacks in their stride.,Oli is a nice person and deserves good internet.
122,32,26,Gold III,Male,Mid,5108557177,1,5.0,4.0,4.0,5.0,2.0,2.0,5.0,3.0,2.0,2.0,4.0,3.0,5.0,2.0,2.0,4.0,4.0,1.0,2.0,2.0,4.0,1.0,4.0,3.0,4.0,2.0,2.0,1.0,5.0,1.0,5.0,2.0,2.0,2.0,4.0,4.0,4.0,2.0,2.0,2.0,1.0,0.0,0.0,1.0,0.0,0.0,0.0,0.0,1.0,1.0,1.0,1.0,1.0,0.0,1.0,0.0,0.0,1.0,1.0,1.0,1.0,1.0,1.0,1.0,0.0,1.0,0.0,1.0,0.0,1.0,1.0,1.0,0.0,0.0,0.0,1.0,6,5,6,6,7,6,6,7,6,7,7,"Bot,Jungle",It's great to play with people communicating,
123,32,27,Silver II,Male,Support,5108557177,1,2.0,4.0,1.0,2.0,4.0,3.0,1.0,5.0,1.0,4.0,2.0,1.0,3.0,4.0,1.0,5.0,2.0,3.0,2.0,5.0,3.0,4.0,2.0,5.0,4.0,3.0,2.0,1.0,4.0,4.0,2.0,4.0,2.0,5.0,1.0,5.0,4.0,4.0,2.0,5.0,0.0,1.0,1.0,1.0,1.0,1.0,1.0,1.0,1.0,1.0,1.0,1.0,0.0,1.0,1.0,0.0,1.0,1.0,1.0,1.0,0.0,1.0,0.0,1.0,1.0,1.0,1.0,1.0,0.0,1.0,0.0,1.0,1.0,1.0,1.0,1.0,7,7,6,6,6,6,7,7,7,6,7,"Mid,Top,Bot,Jungle","They were all honestly really nice and fun to play with. Nobody seemed tilted and everyone was very supportive and smart in their decision making. Even if mistakes were made, nobody got flamed. ",
124,33,30,Silver III,male,Mid,3786598173,1,5.0,5.0,4.0,3.0,2.0,4.0,5.0,5.0,5.0,5.0,1.0,5.0,5.0,5.0,5.0,5.0,5.0,5.0,5.0,5.0,5.0,5.0,1.0,1.0,4.0,5.0,1.0,5.0,5.0,5.0,1.0,5.0,3.0,5.0,1.0,5.0,5.0,1.0,5.0,5.0,0.0,1.0,1.0,0.0,1.0,0.0,0.0,1.0,1.0,0.0,0.0,1.0,1.0,1.0,1.0,1.0,0.0,1.0,0.0,1.0,1.0,1.0,0.0,0.0,0.0,1.0,0.0,0.0,0.0,1.0,0.0,1.0,0.0,1.0,0.0,1.0,7,7,7,7,7,7,7,7,7,7,7,"Jungle,Support",Communication is great and sense of important objectives are there,
125,33,23,Silver III,Male,Jung,3786598173,1,4.0,4.0,2.0,3.0,1.0,5.0,3.0,4.0,2.0,3.0,1.0,2.0,2.0,4.0,1.0,3.0,4.0,3.0,3.0,4.0,2.0,4.0,2.0,3.0,4.0,4.0,1.0,4.0,2.0,3.0,1.0,4.0,3.0,5.0,2.0,3.0,3.0,3.0,2.0,4.0,0.0,1.0,1.0,1.0,1.0,1.0,1.0,1.0,1.0,0.0,1.0,1.0,1.0,1.0,1.0,1.0,1.0,1.0,1.0,1.0,1.0,1.0,1.0,1.0,1.0,0.0,0.0,1.0,1.0,1.0,1.0,1.0,1.0,1.0,1.0,1.0,7,7,7,7,7,7,6,7,7,7,6,"Mid,Support","Relaxing to talk to, easy going, opinions on game seemed intelligent and unbiased.","N/A, thank you"
126,33,27,Silver I,Female,Support,3786598173,1,4.0,5.0,1.0,1.0,5.0,2.0,2.0,5.0,3.0,3.0,5.0,2.0,1.0,5.0,4.0,5.0,5.0,3.0,1.0,5.0,5.0,4.0,3.0,5.0,5.0,5.0,2.0,3.0,1.0,4.0,5.0,4.0,3.0,4.0,1.0,4.0,2.0,3.0,5.0,5.0,1.0,1.0,1.0,1.0,0.0,0.0,0.0,1.0,1.0,0.0,1.0,1.0,1.0,1.0,1.0,0.0,1.0,1.0,1.0,1.0,1.0,0.0,1.0,1.0,0.0,1.0,1.0,1.0,1.0,0.0,1.0,1.0,0.0,1.0,1.0,0.0,7,7,6,6,6,7,7,7,7,6,7,"Mid,Bot,Jungle,Support",They talked through what they expected of the other. Asking for ganking and giving valuable information on the state of their game,GL gg HF EZ
127,34,21,Gold 1,Male,Bot,5097517634,1,1.0,4.0,1.0,1.0,5.0,5.0,5.0,1.0,5.0,2.0,1.0,2.0,2.0,2.0,1.0,5.0,2.0,2.0,3.0,5.0,2.0,2.0,3.0,1.0,2.0,2.0,1.0,5.0,4.0,1.0,1.0,5.0,1.0,3.0,2.0,1.0,1.0,4.0,1.0,4.0,1.0,0.0,1.0,1.0,1.0,1.0,1.0,1.0,1.0,1.0,1.0,1.0,1.0,1.0,0.0,1.0,1.0,1.0,1.0,1.0,1.0,1.0,1.0,1.0,1.0,1.0,1.0,1.0,0.0,1.0,1.0,1.0,1.0,0.0,1.0,1.0,7,7,7,5,7,7,7,7,7,7,7,"Mid,Top,Bot,Jungle,Support",people were optimistic and did not tilt when they died or got camped by fiddlesticks. fun playing with them. a little bit of awkward silence at the start but slowly everyone got more comfortable as time went on.,
128,34,21,Gold III,Male,Support,5097517634,1,4.0,5.0,3.0,3.0,1.0,2.0,2.0,5.0,2.0,4.0,3.0,2.0,3.0,5.0,5.0,3.0,3.0,4.0,2.0,3.0,3.0,4.0,4.0,3.0,4.0,3.0,4.0,2.0,4.0,4.0,2.0,2.0,1.0,1.0,3.0,3.0,2.0,3.0,4.0,3.0,0.0,0.0,0.0,1.0,0.0,1.0,0.0,0.0,1.0,1.0,1.0,1.0,1.0,1.0,1.0,1.0,1.0,1.0,0.0,0.0,1.0,1.0,0.0,1.0,0.0,1.0,1.0,1.0,0.0,0.0,1.0,1.0,1.0,0.0,0.0,1.0,6,6,6,6,6,6,6,6,6,7,7,"Mid,Bot",,
129,34,21,Gold II,Male,Mid,5097517634,1,4.0,4.0,2.0,3.0,2.0,4.0,2.0,3.0,3.0,5.0,2.0,2.0,4.0,4.0,4.0,5.0,4.0,4.0,2.0,4.0,4.0,4.0,2.0,3.0,4.0,5.0,2.0,3.0,3.0,4.0,2.0,5.0,4.0,4.0,2.0,2.0,4.0,2.0,3.0,3.0,1.0,1.0,1.0,1.0,1.0,0.0,1.0,1.0,1.0,1.0,0.0,1.0,0.0,0.0,0.0,0.0,1.0,1.0,1.0,1.0,1.0,1.0,1.0,1.0,0.0,1.0,1.0,1.0,0.0,1.0,0.0,1.0,1.0,0.0,0.0,0.0,7,6,7,6,7,5,6,7,7,7,6,"Mid,Top,Bot,Jungle,Support","everyone played well and as a team, would be happy to do clash with them.",
130,34,20,Gold IV,Male,Top,5097517634,1,2.0,1.0,2.0,2.0,2.0,2.0,5.0,2.0,4.0,2.0,2.0,4.0,2.0,1.0,4.0,4.0,2.0,2.0,2.0,2.0,2.0,1.0,5.0,2.0,5.0,2.0,4.0,5.0,3.0,2.0,5.0,4.0,2.0,1.0,3.0,2.0,4.0,2.0,4.0,2.0,1.0,0.0,1.0,1.0,1.0,1.0,0.0,1.0,1.0,0.0,1.0,1.0,1.0,0.0,1.0,1.0,0.0,1.0,1.0,1.0,1.0,1.0,1.0,1.0,1.0,0.0,1.0,1.0,0.0,1.0,1.0,1.0,0.0,0.0,1.0,1.0,7,7,6,7,7,6,6,7,7,6,7,"Mid,Bot,Jungle","They overall seemed like very amicable and nice people, who genuinly would be fun to play with. They were also pretty good, and all worked together to try to create some synergy. No toxicity or flame of any kind made the atmosphere of the team relaxed.",It was a fun game to play!
131,34,18,Gold II,Male,Jung,5097517634,1,4.0,5.0,2.0,3.0,4.0,4.0,2.0,4.0,2.0,2.0,2.0,1.0,4.0,4.0,3.0,4.0,4.0,2.0,4.0,5.0,4.0,2.0,2.0,4.0,2.0,2.0,2.0,4.0,5.0,4.0,5.0,5.0,3.0,4.0,3.0,2.0,2.0,2.0,4.0,4.0,1.0,0.0,1.0,1.0,1.0,1.0,1.0,1.0,1.0,1.0,1.0,1.0,0.0,1.0,1.0,0.0,1.0,1.0,1.0,1.0,1.0,1.0,0.0,1.0,0.0,1.0,0.0,1.0,1.0,0.0,1.0,1.0,1.0,0.0,1.0,1.0,6,5,6,6,6,4,6,6,6,7,6,"Mid,Bot","Good players, good communication, friendly ",:)
132,35,23,Gold II,Female,Mid,5106148011,1,3.0,4.0,4.0,4.0,2.0,4.0,4.0,2.0,2.0,2.0,4.0,3.0,2.0,3.0,2.0,4.0,3.0,2.0,4.0,4.0,3.0,3.0,4.0,3.0,1.0,4.0,4.0,2.0,4.0,1.0,4.0,4.0,3.0,2.0,4.0,5.0,3.0,2.0,5.0,2.0,0.0,1.0,1.0,1.0,0.0,0.0,0.0,1.0,1.0,0.0,1.0,1.0,0.0,1.0,1.0,1.0,0.0,1.0,1.0,1.0,1.0,1.0,0.0,1.0,1.0,1.0,1.0,1.0,1.0,1.0,1.0,1.0,1.0,1.0,0.0,1.0,7,7,6,6,7,6,7,7,7,7,7,"Bot,Jungle","We seemed to synergise well with eachother and played with eachother well, especially when it came to grouping on a target or on objectives.",
133,35,28,Gold IV,Male,Bot,5106148011,1,3.0,4.0,5.0,2.0,4.0,4.0,3.0,2.0,4.0,4.0,4.0,3.0,5.0,3.0,2.0,4.0,2.0,5.0,4.0,3.0,4.0,3.0,3.0,5.0,4.0,3.0,2.0,4.0,3.0,3.0,4.0,2.0,2.0,2.0,4.0,3.0,5.0,4.0,2.0,3.0,0.0,1.0,0.0,1.0,0.0,0.0,1.0,1.0,1.0,1.0,1.0,1.0,1.0,1.0,1.0,1.0,1.0,1.0,1.0,1.0,1.0,1.0,1.0,1.0,1.0,1.0,1.0,1.0,1.0,0.0,1.0,1.0,1.0,1.0,1.0,1.0,7,7,7,7,7,7,6,6,7,7,7,"Mid,Jungle",Because they seemed to enjoy playing and they were relaxed all the time.,The enemy team surrendered at 15 min...
134,35,20,Gold IV,Male,Jung,5106148011,1,5.0,2.0,2.0,4.0,4.0,3.0,4.0,2.0,4.0,1.0,2.0,2.0,4.0,1.0,2.0,5.0,3.0,2.0,2.0,4.0,4.0,1.0,4.0,2.0,4.0,1.0,4.0,3.0,4.0,2.0,3.0,5.0,4.0,2.0,2.0,4.0,4.0,1.0,2.0,2.0,1.0,0.0,1.0,1.0,1.0,0.0,1.0,1.0,0.0,1.0,0.0,1.0,1.0,1.0,1.0,1.0,1.0,1.0,0.0,1.0,1.0,1.0,1.0,1.0,0.0,1.0,1.0,1.0,1.0,1.0,1.0,1.0,1.0,0.0,1.0,1.0,7,6,7,7,7,6,7,7,7,7,7,"Mid,Bot",We won pretty fast so it's hard to tell but everyone played well and they were fun to be around in general.,
135,36,24,Platinum III,male,Mid,3796262194,1,2.0,1.0,2.0,3.0,4.0,4.0,5.0,1.0,2.0,2.0,3.0,3.0,4.0,1.0,4.0,4.0,3.0,1.0,4.0,4.0,2.0,1.0,5.0,3.0,2.0,2.0,4.0,5.0,3.0,1.0,4.0,4.0,2.0,1.0,4.0,4.0,5.0,4.0,3.0,2.0,1.0,1.0,1.0,0.0,0.0,1.0,0.0,1.0,1.0,0.0,1.0,1.0,1.0,1.0,0.0,1.0,0.0,1.0,0.0,1.0,1.0,1.0,0.0,0.0,1.0,0.0,0.0,1.0,1.0,1.0,1.0,1.0,0.0,1.0,1.0,1.0,7,7,7,6,7,4,7,7,7,7,7,"Mid,Top,Bot,Jungle,Support","No one flamed when when mistakes were made, and people called out their own mistakes. This is a very small sample size and could have gone the other way had we lost...",
136,36,22,Platinum IV,male,Bot,3796262194,1,3.0,2.0,2.0,1.0,4.0,4.0,5.0,1.0,2.0,2.0,2.0,1.0,5.0,2.0,3.0,4.0,2.0,4.0,3.0,1.0,4.0,3.0,5.0,1.0,4.0,2.0,3.0,1.0,4.0,3.0,4.0,4.0,2.0,2.0,3.0,1.0,4.0,2.0,4.0,3.0,0.0,1.0,1.0,1.0,0.0,0.0,1.0,1.0,1.0,1.0,0.0,1.0,1.0,1.0,1.0,1.0,1.0,1.0,1.0,0.0,1.0,1.0,1.0,1.0,1.0,1.0,1.0,1.0,0.0,1.0,1.0,1.0,1.0,1.0,0.0,1.0,5,5,7,6,7,5,7,7,7,6,7,Support,very chill player for a pyke player. thats rare,
137,36,21,Platinum III,Male,Top,3796262194,1,2.0,3.0,2.0,2.0,2.0,4.0,5.0,2.0,1.0,4.0,2.0,4.0,2.0,3.0,2.0,5.0,2.0,4.0,4.0,4.0,2.0,2.0,5.0,4.0,2.0,4.0,3.0,4.0,2.0,3.0,2.0,5.0,3.0,2.0,2.0,3.0,3.0,2.0,2.0,4.0,1.0,1.0,1.0,0.0,0.0,1.0,1.0,1.0,0.0,1.0,1.0,1.0,0.0,0.0,1.0,1.0,1.0,0.0,0.0,1.0,1.0,1.0,1.0,1.0,1.0,1.0,0.0,0.0,0.0,1.0,1.0,0.0,1.0,1.0,0.0,1.0,7,7,7,7,7,7,7,7,7,7,7,"Mid,Bot,Jungle,Support","no flame, clean calls ",
138,36,18,Platinum IV,Male...,Support,3796262194,1,4.0,3.0,4.0,4.0,2.0,4.0,3.0,2.0,3.0,3.0,4.0,3.0,4.0,3.0,2.0,4.0,3.0,2.0,3.0,4.0,2.0,3.0,2.0,3.0,3.0,2.0,2.0,3.0,3.0,3.0,2.0,4.0,3.0,3.0,2.0,4.0,2.0,3.0,2.0,3.0,1.0,0.0,1.0,1.0,0.0,1.0,0.0,1.0,1.0,1.0,1.0,1.0,1.0,1.0,0.0,0.0,1.0,1.0,0.0,1.0,1.0,1.0,0.0,1.0,1.0,1.0,1.0,1.0,0.0,1.0,0.0,1.0,1.0,1.0,0.0,1.0,4,5,5,6,5,4,5,4,5,5,5,Bot,"I've tried to call out getting heralds several time, and we never got it. Mostly we pretty much ran around going for kills constantly. This game was pretty much just a completely game skill gap. If the enemy had a sense of teamwork, We probably would've lost.  There was a time when Seraphine could've catch people with her ult but she didn't...but uh....yeah. ",Chikie Tendies.
139,36,18,Silver II,Male,Jung,3796262194,1,2.0,1.0,2.0,4.0,2.0,2.0,4.0,5.0,2.0,2.0,3.0,2.0,2.0,2.0,5.0,5.0,2.0,1.0,1.0,4.0,2.0,1.0,4.0,5.0,3.0,2.0,3.0,2.0,2.0,3.0,2.0,5.0,2.0,1.0,1.0,5.0,1.0,3.0,2.0,5.0,0.0,1.0,0.0,1.0,1.0,0.0,1.0,1.0,0.0,1.0,0.0,1.0,1.0,1.0,1.0,0.0,1.0,1.0,1.0,1.0,1.0,1.0,1.0,1.0,0.0,1.0,1.0,1.0,0.0,0.0,1.0,1.0,1.0,1.0,0.0,1.0,7,6,6,6,6,6,6,7,6,6,7,"Mid,Top,Bot,Support",Idk they were chill and didn't throw my game,
140,37,31,Silver III,Male,Bot,380669599,0,5.0,5.0,2.0,1.0,4.0,5.0,1.0,4.0,4.0,5.0,2.0,5.0,4.0,5.0,3.0,4.0,4.0,4.0,4.0,4.0,4.0,5.0,1.0,4.0,2.0,5.0,3.0,4.0,4.0,4.0,2.0,4.0,4.0,4.0,2.0,4.0,4.0,4.0,4.0,5.0,1.0,0.0,1.0,0.0,1.0,1.0,0.0,1.0,1.0,1.0,1.0,0.0,1.0,1.0,0.0,1.0,0.0,1.0,1.0,1.0,0.0,1.0,1.0,1.0,1.0,0.0,1.0,1.0,1.0,1.0,1.0,1.0,1.0,0.0,1.0,0.0,7,7,7,7,7,7,6,6,6,7,7,"Top,Jungle",They were focused and just didn't complain. They just wanted to win is what I look for in league.,
141,37,21,Silver II,Male,Top,380669599,0,4.0,3.0,1.0,3.0,3.0,5.0,4.0,2.0,3.0,3.0,2.0,2.0,3.0,4.0,2.0,4.0,4.0,1.0,1.0,3.0,4.0,3.0,3.0,3.0,4.0,3.0,2.0,3.0,4.0,3.0,4.0,4.0,4.0,3.0,4.0,4.0,3.0,3.0,2.0,2.0,1.0,1.0,1.0,1.0,1.0,1.0,1.0,0.0,1.0,1.0,0.0,1.0,1.0,0.0,0.0,1.0,0.0,1.0,1.0,1.0,0.0,1.0,1.0,1.0,1.0,0.0,1.0,1.0,0.0,0.0,1.0,1.0,0.0,0.0,1.0,1.0,6,7,6,6,7,6,6,6,6,6,5,"Bot,Jungle","They seem like good guys, they're pretty skilled and have a good sense as to what they're doing. Even if they didn't play perfectly, they tried the entire time.",
142,37,18,Silver II,Male,Jung,380669599,0,2.0,1.0,2.0,4.0,2.0,2.0,4.0,5.0,2.0,2.0,3.0,2.0,2.0,2.0,5.0,5.0,2.0,1.0,1.0,4.0,2.0,1.0,4.0,5.0,3.0,2.0,3.0,2.0,2.0,3.0,2.0,5.0,2.0,1.0,1.0,5.0,1.0,3.0,2.0,5.0,0.0,1.0,0.0,1.0,1.0,0.0,1.0,1.0,0.0,1.0,0.0,1.0,1.0,1.0,1.0,0.0,1.0,1.0,1.0,1.0,1.0,1.0,1.0,1.0,0.0,1.0,1.0,1.0,0.0,0.0,1.0,1.0,1.0,1.0,0.0,1.0,6,6,5,6,6,6,6,6,7,6,6,"Top,Bot",stayed positive even though autofill support was drooling on themselves,
143,38,26,Gold IV,Male,Top,3801739884,1,5.0,3.0,1.0,3.0,2.0,4.0,3.0,3.0,2.0,4.0,2.0,4.0,5.0,5.0,2.0,4.0,4.0,3.0,2.0,4.0,4.0,4.0,2.0,4.0,2.0,4.0,3.0,4.0,4.0,3.0,4.0,4.0,4.0,4.0,1.0,4.0,4.0,4.0,4.0,5.0,0.0,1.0,1.0,1.0,1.0,1.0,0.0,1.0,1.0,1.0,0.0,0.0,1.0,1.0,1.0,1.0,1.0,1.0,1.0,1.0,1.0,1.0,1.0,1.0,0.0,1.0,1.0,1.0,0.0,1.0,1.0,1.0,1.0,1.0,0.0,1.0,6,7,7,7,7,7,7,6,7,6,7,"Jungle,Support",They were positive and played well together. Everyone was nice and considerate. We were happy playing together and no one was rude to anyone.,Thanks for having me.
144,38,19,Gold II,Male,Jung,3801739884,1,4.0,4.0,3.0,4.0,3.0,3.0,3.0,4.0,2.0,3.0,3.0,4.0,3.0,3.0,4.0,3.0,3.0,3.0,4.0,3.0,4.0,3.0,4.0,4.0,4.0,3.0,3.0,5.0,3.0,2.0,3.0,4.0,3.0,2.0,3.0,3.0,3.0,4.0,3.0,4.0,0.0,0.0,1.0,0.0,0.0,1.0,1.0,1.0,1.0,0.0,1.0,0.0,1.0,0.0,0.0,1.0,1.0,0.0,1.0,1.0,1.0,0.0,0.0,1.0,1.0,1.0,1.0,1.0,0.0,1.0,1.0,1.0,0.0,1.0,1.0,1.0,5,6,5,6,5,6,6,6,6,7,6,"Mid,Top,Jungle,Support","Not toxic, tiltproof, apologizes when they make a mistake instead of making excuses",
145,38,29,Gold IV,Female,Support,3801739884,1,4.0,4.0,4.0,5.0,1.0,4.0,4.0,3.0,1.0,2.0,3.0,1.0,2.0,4.0,1.0,5.0,3.0,2.0,3.0,3.0,3.0,4.0,4.0,3.0,2.0,4.0,2.0,2.0,2.0,4.0,4.0,5.0,2.0,5.0,3.0,3.0,2.0,4.0,2.0,3.0,1.0,1.0,0.0,1.0,1.0,1.0,0.0,1.0,1.0,1.0,1.0,1.0,1.0,1.0,1.0,1.0,1.0,0.0,0.0,1.0,0.0,1.0,0.0,1.0,1.0,1.0,1.0,1.0,0.0,1.0,1.0,1.0,1.0,1.0,1.0,1.0,6,7,7,7,7,7,7,7,7,7,7,"Top,Jungle","This was more fun, my teammates take it so lightly whitout losing focus.","It would be awesome if this study could be done in LAN, I´m really interested in knowing your final results"
146,39,20,Platinum IV,Male,Bot,3904261836,0,4.0,5.0,2.0,2.0,2.0,4.0,5.0,4.0,4.0,3.0,2.0,3.0,4.0,4.0,2.0,5.0,2.0,4.0,4.0,4.0,3.0,3.0,4.0,2.0,4.0,4.0,1.0,4.0,3.0,4.0,5.0,4.0,4.0,5.0,4.0,4.0,4.0,4.0,5.0,4.0,0.0,1.0,1.0,1.0,1.0,1.0,1.0,1.0,1.0,1.0,1.0,1.0,1.0,1.0,1.0,0.0,1.0,1.0,1.0,1.0,1.0,1.0,1.0,1.0,0.0,1.0,1.0,1.0,1.0,1.0,1.0,1.0,1.0,1.0,1.0,1.0,6,6,5,7,7,7,5,7,7,7,6,Support,More talkative and sociable than our other teammate,"Great fun! Would love to see a ""5v5 of strangers"", though I know that it isn't easily feasible"
147,39,18,Platinum IV,Male...,Jung,3904261836,0,4.0,3.0,4.0,4.0,2.0,4.0,3.0,2.0,3.0,3.0,4.0,3.0,4.0,3.0,2.0,4.0,3.0,2.0,3.0,4.0,2.0,3.0,2.0,3.0,3.0,2.0,2.0,3.0,3.0,3.0,2.0,4.0,3.0,3.0,2.0,4.0,2.0,3.0,2.0,3.0,1.0,0.0,1.0,1.0,0.0,1.0,0.0,1.0,1.0,1.0,1.0,1.0,1.0,1.0,0.0,0.0,1.0,1.0,0.0,1.0,1.0,1.0,0.0,1.0,1.0,1.0,1.0,1.0,0.0,1.0,0.0,1.0,1.0,1.0,0.0,1.0,4,4,4,4,4,4,5,5,5,5,5,"Bot,Support",To prove i wasn't as bad as I am this game,
148,39,24,Platinum III,male,Support,3904261836,0,2.0,1.0,2.0,3.0,4.0,4.0,5.0,1.0,2.0,2.0,3.0,3.0,4.0,1.0,4.0,4.0,3.0,1.0,4.0,4.0,2.0,1.0,5.0,3.0,2.0,2.0,4.0,5.0,3.0,1.0,4.0,4.0,2.0,1.0,4.0,4.0,5.0,4.0,3.0,2.0,1.0,1.0,1.0,0.0,0.0,1.0,0.0,1.0,1.0,0.0,1.0,1.0,1.0,1.0,0.0,1.0,0.0,1.0,0.0,1.0,1.0,1.0,0.0,0.0,1.0,0.0,0.0,1.0,1.0,1.0,1.0,1.0,0.0,1.0,1.0,1.0,7,7,7,7,7,7,7,7,7,7,6,"Bot,Jungle,Support","positive attitude despite odds against us, no flaming. good time, good laughs.",
149,40,22,Platinum IV,Male,Jung,3800195416,0,5.0,4.0,2.0,3.0,5.0,5.0,5.0,5.0,2.0,5.0,4.0,3.0,2.0,5.0,4.0,5.0,5.0,5.0,1.0,2.0,5.0,2.0,4.0,5.0,5.0,5.0,3.0,2.0,5.0,5.0,5.0,4.0,5.0,2.0,3.0,3.0,2.0,5.0,5.0,5.0,1.0,1.0,1.0,1.0,1.0,1.0,0.0,1.0,1.0,0.0,1.0,1.0,1.0,1.0,0.0,0.0,1.0,0.0,1.0,1.0,1.0,1.0,1.0,1.0,1.0,1.0,1.0,0.0,1.0,0.0,0.0,1.0,1.0,0.0,1.0,1.0,6,7,6,6,6,6,6,6,6,6,7,"Mid,Jungle,Support","It was fun, no real complaints",overall it went well. Wish we had 5 people though
150,40,27,Platinum III,Male,Support,3800195416,0,3.0,4.0,4.0,2.0,5.0,5.0,5.0,1.0,4.0,3.0,4.0,2.0,4.0,3.0,1.0,2.0,2.0,3.0,4.0,3.0,5.0,2.0,5.0,3.0,5.0,2.0,3.0,3.0,4.0,1.0,4.0,1.0,2.0,3.0,1.0,2.0,3.0,5.0,1.0,3.0,1.0,0.0,1.0,1.0,1.0,1.0,1.0,1.0,1.0,1.0,1.0,1.0,1.0,1.0,1.0,1.0,1.0,1.0,1.0,1.0,1.0,1.0,0.0,1.0,1.0,0.0,1.0,1.0,0.0,0.0,0.0,1.0,1.0,1.0,1.0,1.0,2,6,5,4,5,2,3,5,6,3,5,Jungle,"Decent communication skills, seems like a nice person","I don't care that we lost, but I did feel a little ""left out."" Bot got behind BAD early because of our bad level 1 fight, and neither of my two teammates from the experiment came to help me (the support) even though I let them know when the enemy adc had no summoner spells, I set up TP wards, etc. Then, throughout the game, I got dove over and over through the team and I didn't feel like it mattered to my peers. *shrug* it was just a rough game overall. Perhaps I just felt left out because the other two had participated in the study already? Maybe they were more comfortable. idk. Unlucky. "
151,40,18,Platinum IV,Male...,Mid,3800195416,0,4.0,3.0,4.0,4.0,2.0,4.0,3.0,2.0,3.0,3.0,4.0,3.0,4.0,3.0,2.0,4.0,3.0,2.0,3.0,4.0,2.0,3.0,2.0,3.0,3.0,2.0,2.0,3.0,3.0,3.0,2.0,4.0,3.0,3.0,2.0,4.0,2.0,3.0,2.0,3.0,1.0,0.0,1.0,1.0,0.0,1.0,0.0,1.0,1.0,1.0,1.0,1.0,1.0,1.0,0.0,0.0,1.0,1.0,0.0,1.0,1.0,1.0,0.0,1.0,1.0,1.0,1.0,1.0,0.0,1.0,0.0,1.0,1.0,1.0,0.0,1.0,2,5,4,4,4,3,3,4,3,3,3,,"It was kind of my fault I should've some what shot called better..especially during the baron fight, I planned to turn the whole time but I didn't say anything...",
152,41,25,Silver III,Male,Support,3804196625,1,4.0,4.0,2.0,5.0,2.0,4.0,4.0,3.0,1.0,3.0,2.0,3.0,4.0,4.0,1.0,4.0,3.0,4.0,3.0,4.0,4.0,2.0,2.0,3.0,4.0,2.0,1.0,4.0,4.0,2.0,2.0,4.0,3.0,2.0,2.0,5.0,2.0,4.0,2.0,5.0,0.0,1.0,0.0,1.0,1.0,0.0,0.0,1.0,1.0,1.0,1.0,1.0,1.0,1.0,1.0,1.0,0.0,1.0,0.0,1.0,1.0,1.0,0.0,1.0,1.0,1.0,1.0,1.0,1.0,1.0,1.0,1.0,1.0,0.0,1.0,1.0,7,7,7,7,7,7,7,7,7,7,7,"Bot,Jungle","It was a natural conversation, very relaxed, definitely enjoyed their thought process.",
153,41,18,Silver II,Male,Jung,3804196625,1,2.0,1.0,2.0,4.0,2.0,2.0,4.0,5.0,2.0,2.0,3.0,2.0,2.0,2.0,5.0,5.0,2.0,1.0,1.0,4.0,2.0,1.0,4.0,5.0,3.0,2.0,3.0,2.0,2.0,3.0,2.0,5.0,2.0,1.0,1.0,5.0,1.0,3.0,2.0,5.0,0.0,1.0,0.0,1.0,1.0,0.0,1.0,1.0,0.0,1.0,0.0,1.0,1.0,1.0,1.0,0.0,1.0,1.0,1.0,1.0,1.0,1.0,1.0,1.0,0.0,1.0,1.0,1.0,0.0,0.0,1.0,1.0,1.0,1.0,0.0,1.0,7,7,6,6,6,7,7,7,7,7,7,"Bot,Support",we are winners,no comments
154,41,19,Silver II,Male,Bot,3804196625,1,2.0,2.0,1.0,4.0,5.0,4.0,4.0,1.0,1.0,3.0,4.0,3.0,3.0,4.0,3.0,4.0,4.0,4.0,4.0,4.0,4.0,4.0,4.0,4.0,3.0,4.0,3.0,2.0,2.0,4.0,4.0,3.0,1.0,2.0,4.0,4.0,4.0,4.0,4.0,5.0,0.0,0.0,1.0,1.0,1.0,0.0,1.0,1.0,1.0,1.0,1.0,1.0,1.0,1.0,1.0,0.0,1.0,1.0,0.0,1.0,0.0,0.0,1.0,1.0,0.0,1.0,1.0,1.0,0.0,1.0,0.0,1.0,1.0,0.0,0.0,1.0,5,5,5,6,6,6,6,6,6,6,4,,Nothing was outstanding about these individuals. We won a game and that was pretty much it.,
155,42,18,Gold II,Male,Mid,3797703919,1,4.0,4.0,1.0,1.0,5.0,4.0,5.0,1.0,2.0,4.0,1.0,1.0,4.0,2.0,5.0,4.0,2.0,5.0,4.0,1.0,4.0,2.0,5.0,1.0,5.0,4.0,1.0,5.0,4.0,4.0,4.0,5.0,1.0,5.0,4.0,1.0,5.0,4.0,5.0,1.0,0.0,1.0,1.0,1.0,1.0,1.0,1.0,1.0,1.0,1.0,1.0,1.0,1.0,1.0,1.0,0.0,1.0,1.0,0.0,0.0,1.0,1.0,1.0,1.0,0.0,1.0,0.0,1.0,1.0,1.0,1.0,1.0,1.0,1.0,0.0,1.0,7,7,6,6,7,5,7,6,7,6,7,Bot,"I wouldn't mind playing with any of the teammates I just played with but I enjoyed our bot's presence the most. To be honest, I wasn't a huge fan of our jungler's play at times but I didn't want to overstep before we got to know each other better and wanted to focus on winning so I chose not to say anything during this game. ",That was fun :)
156,42,18,Gold III,Male,Jung,3797703919,1,4.0,2.0,1.0,4.0,1.0,4.0,4.0,1.0,2.0,5.0,2.0,5.0,4.0,4.0,2.0,5.0,3.0,2.0,1.0,5.0,2.0,1.0,4.0,4.0,2.0,2.0,1.0,5.0,3.0,2.0,2.0,5.0,2.0,2.0,2.0,4.0,2.0,3.0,2.0,4.0,1.0,0.0,1.0,1.0,1.0,1.0,1.0,1.0,1.0,1.0,1.0,1.0,1.0,1.0,1.0,1.0,1.0,1.0,1.0,1.0,0.0,1.0,1.0,1.0,0.0,1.0,1.0,1.0,0.0,1.0,1.0,1.0,0.0,1.0,1.0,1.0,6,7,5,6,6,6,7,6,7,7,7,"Mid,Top,Bot,Support","Honestly, it is EXTREMELY nice to have an AP threat mid, I usually lack that. In addition, our botlane picked something off meta but was more than willing to play in a way that made it feasible to win, in addition to the fact that the support played in a way that backed up the pick. Lastly, we had solid communication and I felt no hostility. This might change if we were in a losing situation, but I have no complaints as of now.",
157,42,22,Gold IV,male,Top,3797703919,1,3.0,2.0,2.0,3.0,4.0,5.0,2.0,1.0,1.0,5.0,2.0,2.0,5.0,3.0,2.0,4.0,4.0,3.0,3.0,4.0,3.0,4.0,2.0,2.0,4.0,3.0,2.0,2.0,4.0,4.0,2.0,4.0,2.0,4.0,1.0,3.0,2.0,4.0,2.0,1.0,0.0,0.0,1.0,1.0,0.0,1.0,1.0,1.0,1.0,1.0,1.0,1.0,1.0,1.0,1.0,1.0,1.0,1.0,1.0,1.0,1.0,1.0,1.0,1.0,1.0,1.0,0.0,1.0,1.0,1.0,1.0,1.0,1.0,1.0,1.0,1.0,6,7,7,7,7,7,6,7,7,7,6,Jungle,Seemed to be a good player with a good attitude and pretty smart about the game.,"Technically I'd like to play again with this time, but my schedule would make it difficult."
158,42,18,Gold III,Attack helicopter(male),Bot,3797703919,1,3.0,5.0,5.0,5.0,5.0,3.0,5.0,1.0,4.0,4.0,2.0,4.0,4.0,4.0,3.0,2.0,3.0,3.0,5.0,4.0,5.0,3.0,5.0,3.0,5.0,3.0,2.0,5.0,4.0,3.0,4.0,5.0,4.0,5.0,4.0,4.0,4.0,2.0,4.0,1.0,1.0,1.0,1.0,1.0,0.0,1.0,1.0,1.0,1.0,1.0,0.0,1.0,0.0,1.0,1.0,1.0,1.0,1.0,1.0,1.0,1.0,1.0,1.0,1.0,0.0,1.0,1.0,1.0,0.0,0.0,1.0,1.0,1.0,1.0,1.0,1.0,6,5,7,5,6,5,6,7,7,6,6,"Mid,Top,Jungle,Support",everyone did great,"Was auto filled, out of comfort zone. My macro is off so couldn't really communicate in game that well."
159,42,29,Gold IV,Female,Support,3797703919,1,4.0,4.0,4.0,5.0,1.0,4.0,4.0,3.0,1.0,2.0,3.0,1.0,2.0,4.0,1.0,5.0,3.0,2.0,3.0,3.0,3.0,4.0,4.0,3.0,2.0,4.0,2.0,2.0,2.0,4.0,4.0,5.0,2.0,5.0,3.0,3.0,2.0,4.0,2.0,3.0,1.0,1.0,0.0,1.0,1.0,1.0,0.0,1.0,1.0,1.0,1.0,1.0,1.0,1.0,1.0,1.0,1.0,0.0,0.0,1.0,0.0,1.0,0.0,1.0,1.0,1.0,1.0,1.0,0.0,1.0,1.0,1.0,1.0,1.0,1.0,1.0,7,7,7,7,7,7,7,7,7,7,7,"Mid,Top,Bot,Jungle",They were nice and kind. Even when you did something wrong they didn´t get mad :3,I really love this experiment <3
160,43,27,Platinum IV,Male,Support,5118179815,1,2.0,3.0,1.0,5.0,4.0,4.0,1.0,4.0,4.0,4.0,2.0,3.0,4.0,4.0,3.0,5.0,4.0,5.0,2.0,4.0,4.0,3.0,1.0,2.0,3.0,3.0,1.0,5.0,5.0,3.0,3.0,4.0,2.0,5.0,1.0,2.0,4.0,2.0,2.0,5.0,1.0,1.0,0.0,1.0,1.0,0.0,0.0,0.0,1.0,1.0,0.0,1.0,1.0,1.0,0.0,0.0,0.0,1.0,0.0,1.0,1.0,1.0,0.0,0.0,0.0,1.0,0.0,1.0,0.0,1.0,1.0,1.0,1.0,1.0,0.0,1.0,6,7,6,6,6,5,7,6,7,7,6,"Top,Jungle",they share relevant information and make their thought process/gameplan transparent,
161,43,22,Platinum IV,Male,Jung,5118179815,1,5.0,4.0,1.0,3.0,1.0,5.0,4.0,1.0,2.0,4.0,2.0,4.0,3.0,5.0,3.0,4.0,2.0,5.0,1.0,5.0,2.0,4.0,2.0,1.0,4.0,3.0,4.0,5.0,2.0,5.0,3.0,2.0,1.0,5.0,1.0,4.0,3.0,3.0,4.0,5.0,1.0,1.0,1.0,1.0,1.0,1.0,0.0,1.0,0.0,1.0,1.0,1.0,1.0,1.0,1.0,1.0,0.0,1.0,1.0,1.0,1.0,1.0,1.0,1.0,0.0,1.0,0.0,1.0,0.0,1.0,1.0,1.0,1.0,1.0,1.0,1.0,7,7,5,6,7,5,7,7,7,6,4,Support,The player called out summoners and their timings which there aren't a lot of supports that actually do and the player was also very productive in making calls for the team and where do move. The player moved and thought of me when making calls which made my game easier in a sense I didn't have to bend over backwards to make something work since the player also helped me and weren't playing like a monkey.,
162,43,23,Platinum II,Male,Top,5118179815,1,2.0,2.0,4.0,4.0,2.0,4.0,4.0,2.0,4.0,3.0,4.0,4.0,4.0,2.0,4.0,5.0,2.0,4.0,4.0,4.0,4.0,2.0,4.0,3.0,4.0,2.0,3.0,4.0,3.0,2.0,4.0,4.0,2.0,2.0,4.0,4.0,3.0,2.0,4.0,4.0,0.0,1.0,0.0,1.0,1.0,1.0,1.0,1.0,1.0,1.0,1.0,1.0,0.0,1.0,1.0,1.0,1.0,1.0,1.0,1.0,1.0,1.0,1.0,1.0,0.0,1.0,1.0,1.0,1.0,1.0,0.0,1.0,1.0,1.0,1.0,1.0,6,7,5,7,6,6,7,6,6,7,6,"Jungle,Support",They were both very nice and pleasent to talk to. Thy were relaxed and positive. And they played well :),
163,44,18,Silver II,Male,Top,5160523223,0,2.0,2.0,2.0,4.0,2.0,4.0,5.0,4.0,2.0,4.0,1.0,4.0,2.0,2.0,1.0,4.0,2.0,2.0,4.0,2.0,4.0,4.0,4.0,4.0,4.0,2.0,1.0,4.0,1.0,4.0,2.0,4.0,2.0,2.0,4.0,4.0,2.0,4.0,2.0,5.0,1.0,1.0,0.0,1.0,1.0,1.0,1.0,1.0,1.0,0.0,1.0,1.0,1.0,1.0,1.0,1.0,1.0,1.0,0.0,0.0,1.0,1.0,0.0,0.0,0.0,1.0,1.0,1.0,1.0,1.0,0.0,1.0,1.0,1.0,1.0,1.0,6,7,6,6,6,6,6,6,6,7,7,"Mid,Jungle",nice people chilled and fun to play with,i'm bad at garen :/
164,44,23,Gold II,Female,Jungle,5160523223,0,3.0,4.0,4.0,4.0,2.0,4.0,4.0,2.0,2.0,2.0,4.0,3.0,2.0,3.0,2.0,4.0,3.0,2.0,4.0,4.0,3.0,3.0,4.0,3.0,1.0,4.0,4.0,2.0,4.0,1.0,4.0,4.0,3.0,2.0,4.0,5.0,3.0,2.0,5.0,2.0,0.0,1.0,1.0,1.0,0.0,0.0,0.0,1.0,1.0,0.0,1.0,1.0,0.0,1.0,1.0,1.0,0.0,1.0,1.0,1.0,1.0,1.0,0.0,1.0,1.0,1.0,1.0,1.0,1.0,1.0,1.0,1.0,1.0,1.0,0.0,1.0,5,7,7,7,6,6,6,6,6,6,7,"Mid,Top","We seemed to have good energy with eachother and were able to have fun with the game even though we lost, both guys were super fun and didn't tilt at all :)",
165,44,20,Gold IV,male,Mid,5160523223,0,5.0,2.0,2.0,4.0,4.0,3.0,4.0,2.0,4.0,1.0,2.0,2.0,4.0,1.0,2.0,5.0,3.0,2.0,2.0,4.0,4.0,1.0,4.0,2.0,4.0,1.0,4.0,3.0,4.0,2.0,3.0,5.0,4.0,2.0,2.0,4.0,4.0,1.0,2.0,2.0,1.0,0.0,1.0,1.0,1.0,0.0,1.0,1.0,0.0,1.0,0.0,1.0,1.0,1.0,1.0,1.0,1.0,1.0,0.0,1.0,1.0,1.0,1.0,1.0,0.0,1.0,1.0,1.0,1.0,1.0,1.0,1.0,1.0,0.0,1.0,1.0,3,6,4,6,5,5,5,4,4,5,6,Jungle,"strong mental, good at the game and fun to play with",
166,45,21,Gold IV,Male,Top,5116041615,1,4.0,4.0,2.0,3.0,4.0,2.0,4.0,4.0,1.0,4.0,4.0,4.0,4.0,4.0,2.0,5.0,5.0,3.0,1.0,5.0,4.0,4.0,2.0,3.0,4.0,2.0,2.0,5.0,3.0,3.0,4.0,5.0,1.0,2.0,2.0,5.0,5.0,4.0,3.0,2.0,1.0,1.0,1.0,1.0,1.0,1.0,0.0,1.0,1.0,1.0,1.0,1.0,0.0,1.0,1.0,1.0,1.0,1.0,1.0,0.0,1.0,1.0,1.0,1.0,1.0,1.0,0.0,1.0,0.0,1.0,1.0,1.0,1.0,1.0,1.0,1.0,5,4,5,3,6,4,6,7,6,6,5,Jungle,carried,
167,45,20,Gold IV,male,Bot,5116041615,1,5.0,2.0,2.0,4.0,4.0,3.0,4.0,2.0,4.0,1.0,2.0,2.0,4.0,1.0,2.0,5.0,3.0,2.0,2.0,4.0,4.0,1.0,4.0,2.0,4.0,1.0,4.0,3.0,4.0,2.0,3.0,5.0,4.0,2.0,2.0,4.0,4.0,1.0,2.0,2.0,1.0,0.0,1.0,1.0,1.0,0.0,1.0,1.0,0.0,1.0,0.0,1.0,1.0,1.0,1.0,1.0,1.0,1.0,0.0,1.0,1.0,1.0,1.0,1.0,0.0,1.0,1.0,1.0,1.0,1.0,1.0,1.0,1.0,0.0,1.0,1.0,6,6,6,6,6,6,7,6,6,6,7,"Top,Jungle","tilt-proof, good players, and overall fun to play with",
168,45,23,Gold II,Female,Jung,5116041615,1,3.0,4.0,4.0,4.0,2.0,4.0,4.0,2.0,2.0,2.0,4.0,3.0,2.0,3.0,2.0,4.0,3.0,2.0,4.0,4.0,3.0,3.0,4.0,3.0,1.0,4.0,4.0,2.0,4.0,1.0,4.0,4.0,3.0,2.0,4.0,5.0,3.0,2.0,5.0,2.0,0.0,1.0,1.0,1.0,0.0,0.0,0.0,1.0,1.0,0.0,1.0,1.0,0.0,1.0,1.0,1.0,0.0,1.0,1.0,1.0,1.0,1.0,0.0,1.0,1.0,1.0,1.0,1.0,1.0,1.0,1.0,1.0,1.0,1.0,0.0,1.0,5,4,4,5,6,5,6,6,7,7,6,"Top,Bot","We seemed to synergise okay, and had a strong sense of teamfighting and objective control. Additionally, we seemed to all get on well :)",
169,46,33,Silver II,Male,Bot,5135379230,1,2.0,4.0,1.0,4.0,4.0,4.0,2.0,3.0,2.0,5.0,4.0,5.0,5.0,4.0,2.0,4.0,2.0,5.0,5.0,5.0,4.0,2.0,1.0,4.0,4.0,2.0,3.0,5.0,5.0,3.0,3.0,4.0,2.0,5.0,5.0,5.0,2.0,1.0,3.0,3.0,0.0,1.0,0.0,1.0,1.0,1.0,1.0,1.0,1.0,1.0,1.0,1.0,1.0,1.0,1.0,1.0,1.0,1.0,0.0,1.0,1.0,1.0,1.0,0.0,1.0,1.0,1.0,1.0,0.0,1.0,1.0,1.0,0.0,1.0,1.0,1.0,7,6,6,7,6,6,7,7,7,7,7,"Mid,Support","They were cooperative and had very effective and clear communication, but mostlky I guess we were all enjoying the idea of participating in this, so that added a sense of comraderie. Other than that, they both where friendly throught the game, but to be fair the game went very well for us so no occasion for conflict arose.",
170,46,19,Silver III,Male,Support,5135379230,1,4.0,2.0,2.0,5.0,1.0,4.0,4.0,5.0,2.0,2.0,4.0,3.0,4.0,2.0,3.0,4.0,2.0,3.0,3.0,4.0,2.0,2.0,5.0,4.0,2.0,1.0,3.0,4.0,4.0,2.0,4.0,4.0,2.0,2.0,2.0,5.0,2.0,2.0,4.0,5.0,1.0,1.0,1.0,1.0,1.0,1.0,0.0,1.0,1.0,0.0,1.0,1.0,1.0,1.0,0.0,0.0,0.0,1.0,1.0,0.0,1.0,1.0,1.0,1.0,0.0,1.0,1.0,1.0,0.0,1.0,1.0,1.0,1.0,1.0,1.0,1.0,5,6,4,5,5,6,6,6,6,6,5,Mid,"We were only 3 people (mid, bot, sup). I would play again with both of them, but the synergy clicked better between me and mid than between me and bot imo",
171,46,21,Silver I,Male,Mid,5135379230,1,4.0,4.0,1.0,5.0,4.0,2.0,2.0,5.0,2.0,4.0,1.0,4.0,4.0,4.0,5.0,4.0,4.0,4.0,2.0,2.0,4.0,1.0,2.0,4.0,4.0,1.0,1.0,5.0,4.0,2.0,1.0,4.0,4.0,2.0,2.0,4.0,2.0,4.0,2.0,3.0,1.0,1.0,1.0,1.0,1.0,1.0,1.0,1.0,1.0,0.0,1.0,0.0,0.0,1.0,1.0,1.0,0.0,1.0,1.0,1.0,1.0,1.0,0.0,1.0,0.0,0.0,1.0,1.0,1.0,1.0,1.0,1.0,1.0,1.0,1.0,1.0,6,6,5,7,6,6,6,6,6,5,6,"Bot,Support",Everyone seemed to have fun with the game and it was pretty relaxed,
172,47,22,Platinum II,Male,Top,5127894882,0,4.0,4.0,4.0,5.0,2.0,4.0,5.0,1.0,1.0,2.0,1.0,4.0,4.0,3.0,4.0,2.0,3.0,2.0,4.0,4.0,5.0,2.0,2.0,3.0,3.0,2.0,2.0,3.0,2.0,2.0,2.0,4.0,5.0,1.0,2.0,4.0,2.0,4.0,4.0,2.0,1.0,1.0,1.0,0.0,0.0,1.0,0.0,0.0,1.0,0.0,1.0,0.0,1.0,1.0,1.0,1.0,1.0,1.0,1.0,1.0,0.0,1.0,1.0,1.0,0.0,1.0,1.0,1.0,0.0,1.0,0.0,1.0,1.0,0.0,1.0,0.0,5,6,5,6,5,5,5,5,5,5,6,"Bot,Support",They're cool,"One of the players (who wasn't part of the experiment) went AFK, ragequit, after that there was no way we could win so we all kind of gave up trying which makes for a bad source of data for the experiment"
173,47,20,Platinum IV,Male,Support,5127894882,0,4.0,4.0,2.0,5.0,4.0,2.0,4.0,5.0,4.0,2.0,1.0,5.0,3.0,3.0,2.0,5.0,4.0,3.0,4.0,5.0,3.0,1.0,3.0,5.0,5.0,1.0,1.0,5.0,3.0,1.0,1.0,5.0,2.0,3.0,3.0,5.0,1.0,1.0,1.0,5.0,1.0,1.0,0.0,1.0,1.0,1.0,1.0,1.0,1.0,1.0,1.0,0.0,0.0,1.0,1.0,1.0,0.0,1.0,1.0,1.0,1.0,1.0,1.0,1.0,0.0,1.0,1.0,1.0,1.0,1.0,1.0,1.0,1.0,1.0,0.0,1.0,2,6,2,6,2,5,2,2,4,2,6,Bot,Our bot laner seemed to be very nice. we didnt communicate about what we want to do in game which is also my fault because i didnt try hard. I can see myself playing with him again because was sympathetic and likeable even though we werent on the same page at all.,I didnt care about winning. I wanted to have fun. (Maybe thats an important info for you idk)
174,47,22,Platinum IV,Male,Bot,5127894882,0,2.0,4.0,1.0,2.0,4.0,4.0,4.0,1.0,4.0,4.0,2.0,1.0,4.0,4.0,1.0,5.0,4.0,3.0,2.0,4.0,4.0,1.0,2.0,3.0,4.0,2.0,1.0,1.0,2.0,4.0,3.0,2.0,4.0,2.0,4.0,2.0,2.0,2.0,1.0,4.0,1.0,1.0,1.0,1.0,1.0,0.0,1.0,1.0,1.0,0.0,1.0,1.0,1.0,0.0,1.0,1.0,1.0,1.0,0.0,1.0,1.0,1.0,0.0,1.0,0.0,0.0,1.0,1.0,0.0,0.0,0.0,1.0,1.0,1.0,1.0,1.0,2,4,3,5,6,5,5,3,3,2,2,Top,"Top lane did TP down to us for a fight however the fight was already over and not great, wasn't an ideal matchup but the support was silent the whole time and did not give me any sign of initiation or strategy, and was the same for top, silently TP'd with no vocal comms or in game pings","WAs fun though, sahema bout the AFK, but pretty sdure we still lose that game, think it was mainly a rank difference though from the looks of our team VS their team"
175,48,19,Gold 1,Male,Mid,5133431518,1,2.0,3.0,2.0,2.0,4.0,5.0,4.0,2.0,5.0,4.0,3.0,2.0,4.0,4.0,3.0,5.0,2.0,2.0,4.0,4.0,4.0,4.0,4.0,4.0,4.0,4.0,2.0,2.0,4.0,3.0,2.0,4.0,2.0,5.0,3.0,4.0,2.0,4.0,4.0,4.0,1.0,1.0,0.0,1.0,0.0,1.0,1.0,1.0,1.0,1.0,1.0,1.0,1.0,1.0,1.0,1.0,1.0,1.0,1.0,1.0,1.0,1.0,1.0,1.0,1.0,1.0,1.0,1.0,1.0,1.0,1.0,1.0,1.0,1.0,1.0,1.0,5,5,5,5,5,4,5,6,6,4,4,Jungle,"He had a good sense of how to play the map and managed to snowball a lead he had very well, though he wasnt the most communicative ",
176,48,19,Gold IV,,Jung,5133431518,1,,,,,,,,,,,,,,,,,,,,,,,,,,,,,,,,,,,,,,,,,,,,,,,,,,,,,,,,,,,,,,,,,,,,,,,,,,,,,6,5,6,4,5,5,6,6,6,6,6,Mid,friendly and actually listens to ur pings,thanks for the game :)
177,48,21,Gold II,Male,Bot,5133431518,1,5.0,5.0,2.0,2.0,2.0,1.0,5.0,5.0,1.0,1.0,5.0,5.0,5.0,5.0,5.0,5.0,5.0,5.0,3.0,5.0,4.0,2.0,5.0,2.0,5.0,5.0,1.0,5.0,5.0,3.0,5.0,5.0,2.0,2.0,4.0,5.0,4.0,2.0,4.0,5.0,0.0,0.0,0.0,1.0,1.0,0.0,0.0,0.0,1.0,1.0,0.0,1.0,1.0,1.0,1.0,1.0,1.0,1.0,0.0,1.0,1.0,0.0,1.0,1.0,1.0,0.0,1.0,0.0,0.0,0.0,0.0,1.0,1.0,1.0,1.0,0.0,7,7,7,7,7,7,7,7,7,7,7,"Mid,Top,Jungle",They had a goal and didnt repeat mistakes,
178,49,25,Silver III,Male,Mid,3813975723,0,4.0,4.0,2.0,5.0,2.0,4.0,4.0,3.0,1.0,3.0,2.0,3.0,4.0,4.0,1.0,4.0,3.0,4.0,3.0,4.0,4.0,2.0,2.0,3.0,4.0,2.0,1.0,4.0,4.0,2.0,2.0,4.0,3.0,2.0,2.0,5.0,2.0,4.0,2.0,5.0,0.0,1.0,0.0,1.0,1.0,0.0,0.0,1.0,1.0,1.0,1.0,1.0,1.0,1.0,1.0,1.0,0.0,1.0,0.0,1.0,1.0,1.0,0.0,1.0,1.0,1.0,1.0,1.0,1.0,1.0,1.0,1.0,1.0,0.0,1.0,1.0,2,6,3,5,6,5,3,3,5,5,3,,"Top laner could have communicated more, no strategies were really being discussed, I like when people at least share ideas to get the group thinking","I don't dislike the team, they just didn't mesh well with me personally in the game."
179,49,29,Gold IV,Female,Support,3813975723,0,4.0,4.0,4.0,5.0,1.0,4.0,4.0,3.0,1.0,2.0,3.0,1.0,2.0,4.0,1.0,5.0,3.0,2.0,3.0,3.0,3.0,4.0,4.0,3.0,2.0,4.0,2.0,2.0,2.0,4.0,4.0,5.0,2.0,5.0,3.0,3.0,2.0,4.0,2.0,3.0,1.0,1.0,0.0,1.0,1.0,1.0,0.0,1.0,1.0,1.0,1.0,1.0,1.0,1.0,1.0,1.0,1.0,0.0,0.0,1.0,0.0,1.0,0.0,1.0,1.0,1.0,1.0,1.0,0.0,1.0,1.0,1.0,1.0,1.0,1.0,1.0,2,3,5,5,2,5,5,6,3,3,7,"Mid,Top",The ones in the chat with me were nice and try their best,
180,49,26,Gold IV,,Top,3813975723,0,,,,,,,,,,,,,,,,,,,,,,,,,,,,,,,,,,,,,,,,,,,,,,,,,,,,,,,,,,,,,,,,,,,,,,,,,,,,,3,3,3,6,3,4,4,3,3,4,1,,,
